,0,1
1,Write-In cells: 132,
2,Overvote cells: 6,
3,"Wolfe, Forrest M.: 0",
4,"Mears, Donna C.: 1",
5,0,
6,0,
7,1,0.0
8,1,0.0
9,1,
10,1,0.0
11,1,0.0
12,1,0.0
13,1,0.0
136,0,
137,0,
138,1,0.0
140,1,
141,0,
142,1,
143,1,
144,0,1.0
145,0,
146,1,
147,1,
148,0,
149,0,
151,1,0.0
152,0,1.0
153,0,
154,1,
155,0,
156,0,
157,1,
158,0,1.0
159,1,
160,1,
161,1,
162,1,
163,1,0.0
164,0,
165,1,
166,1,
167,1,0.0
168,1,
169,1,
170,1,
171,1,
172,1,
173,0,
174,1,0.0
175,1,
176,1,
177,1,
178,1,0.0
179,0,
180,0,
181,0,
182,1,
183,1,
184,0,
185,0,
186,0,
187,1,
188,1,0.0
189,1,
190,1,
191,1,
192,0,
193,0,1.0
194,0,1.0
195,0,
196,0,1.0
197,0,1.0
198,0,
199,0,1.0
200,0,1.0
201,0,
202,0,1.0
204,1,
205,1,0.0
206,1,
207,1,
208,1,0.0
210,1,
211,1,0.0
212,1,
213,0,
214,0,
215,1,
216,0,
217,0,
218,1,0.0
219,1,
220,0,
221,1,0.0
222,1,
223,1,
224,1,
225,0,1.0
226,0,
227,1,0.0
228,1,0.0
229,1,
230,0,
231,1,
232,1,0.0
233,1,
234,0,
235,0,1.0
236,0,
237,0,1.0
238,0,
239,1,
240,1,
241,0,
242,0,
243,0,1.0
244,1,
245,0,
246,0,
247,1,
248,1,
249,1,
250,1,
251,1,
252,1,
253,0,1.0
254,1,
255,1,
256,1,
257,1,
258,1,
259,1,
260,1,
261,1,
262,1,
264,1,
265,0,
266,1,
267,0,
268,1,
269,1,
270,1,
271,0,
272,0,
273,1,
274,0,
275,0,
276,1,0.0
277,1,
279,1,
280,1,
281,0,
282,1,
283,1,
284,1,
285,1,0.0
286,1,
287,1,0.0
288,1,
289,0,
290,1,
291,0,
292,1,
293,1,0.0
294,1,
295,1,
296,0,1.0
297,0,
298,0,
299,1,
300,1,
301,1,
302,0,
303,0,
304,1,
305,0,
306,1,
307,1,
308,0,
309,0,1.0
310,1,0.0
312,1,
313,0,
314,1,
315,1,
316,1,
317,0,
318,0,
319,1,
320,1,0.0
321,1,0.0
322,1,
323,0,1.0
324,0,
325,1,
326,1,
327,0,
328,1,
329,1,0.0
330,1,
331,1,
332,0,
333,0,
334,1,0.0
336,1,
338,1,0.0
339,0,
340,1,0.0
341,1,
342,0,
343,1,
344,0,
345,1,
346,0,
347,1,
348,0,
350,1,0.0
351,1,
352,1,
353,1,
354,1,
355,1,
356,0,
357,0,1.0
358,0,
359,1,
360,1,
361,0,
362,1,
363,1,
364,1,
365,1,
366,1,
367,0,
368,1,
369,0,
370,1,
371,0,
372,0,
373,0,
374,1,
375,1,
376,0,1.0
377,1,
378,1,
379,1,
380,1,
381,1,
382,1,
383,0,
384,0,
385,1,
386,1,
388,1,0.0
389,0,
390,1,
391,1,
392,1,
393,1,
394,1,
395,1,
396,1,0.0
397,0,
398,1,
399,1,0.0
400,0,
401,1,0.0
403,1,
404,0,
405,1,0.0
406,0,1.0
407,1,
408,0,1.0
409,0,1.0
410,0,1.0
411,1,
412,1,
413,1,0.0
414,1,
415,1,
416,0,
417,1,
418,1,
420,0,
421,1,0.0
422,0,
423,0,
424,1,0.0
425,0,
426,0,
427,1,
428,1,
429,0,
430,0,
431,1,
432,1,
433,1,0.0
434,0,
435,0,
436,1,
437,0,
438,0,
439,0,
440,0,
441,1,0.0
442,0,
443,0,
444,0,
445,0,
446,1,
447,0,
448,1,
449,0,
450,1,0.0
451,1,
452,0,
453,1,
454,1,
455,0,1.0
456,1,
457,1,
458,1,0.0
459,1,
460,0,
461,1,
462,0,
463,0,
464,1,
466,1,
467,1,
468,0,
469,0,
470,1,
471,1,
472,0,
473,0,
474,1,
475,0,
476,1,0.0
477,1,
478,1,
479,0,
480,0,
481,1,
482,1,0.0
483,0,
484,1,
485,1,
486,1,0.0
487,1,0.0
488,0,
489,1,
490,1,
491,1,
492,1,
493,0,
494,0,
495,1,0.0
496,0,
497,1,
498,0,1.0
499,1,
500,1,
501,1,
502,0,
503,1,
504,0,
505,1,
506,0,
507,1,
508,0,1.0
509,1,
510,1,0.0
511,0,
512,1,
513,0,
514,1,0.0
515,0,
516,1,
517,1,
518,1,
519,1,0.0
520,1,
521,1,0.0
522,0,
523,0,
524,0,
525,0,
526,0,
527,0,
528,1,
529,0,
530,1,
531,0,1.0
532,0,
533,0,1.0
534,1,
535,0,
536,1,0.0
537,0,
538,1,
539,1,
540,1,
541,0,
542,1,
543,1,
544,0,
545,1,
546,1,
547,0,
548,1,
549,1,
550,1,
551,1,
552,1,
553,1,
555,1,
556,1,0.0
557,0,
558,0,
559,0,
560,1,
561,0,
562,0,
563,0,
564,1,
565,0,1.0
566,1,
567,1,
568,1,
569,0,
570,1,0.0
571,1,
572,0,
573,1,
574,1,
575,0,1.0
576,0,
577,0,1.0
578,0,1.0
579,1,
580,1,0.0
581,1,
582,0,
583,1,
584,1,
585,0,
586,0,
587,0,1.0
588,0,
589,0,
590,1,
591,1,
592,0,1.0
593,1,
594,0,
595,1,
596,1,
597,0,
598,1,
599,1,0.0
600,1,0.0
601,1,
602,1,
603,1,
605,1,0.0
606,1,
607,1,
608,0,
609,0,
610,1,
611,1,
612,0,1.0
613,0,
614,1,
615,0,
616,1,
617,1,0.0
618,1,0.0
619,1,
620,1,
621,1,
622,0,
623,1,
624,0,1.0
625,1,
626,0,
627,1,0.0
628,1,0.0
629,0,
630,0,
632,0,
633,0,
634,1,
635,1,
636,0,
637,0,
638,1,
639,1,
640,1,0.0
641,1,
642,1,
643,1,
644,0,
645,1,
646,1,
647,1,
648,0,
649,0,
650,0,
651,1,
652,0,1.0
653,1,0.0
654,0,
655,1,
656,1,
657,1,
658,1,
659,0,
660,1,
661,0,
662,0,
663,1,0.0
664,1,
665,1,
666,1,
667,0,
668,0,
669,1,
670,1,
671,0,
672,0,
673,0,
674,0,
675,0,1.0
676,1,
677,1,
678,1,0.0
679,1,
680,1,
681,1,
682,0,
683,1,
684,1,
685,0,
686,1,
687,1,
688,1,
689,0,
690,1,0.0
691,1,
692,1,
693,0,
694,0,
695,0,
696,0,
697,0,
698,0,1.0
699,1,
700,1,
701,1,
702,1,0.0
703,1,
704,1,
705,0,1.0
706,1,
707,0,
708,0,
709,1,
710,1,
711,0,
712,1,
713,1,
715,1,
716,0,
717,1,
718,0,
719,0,
720,1,
721,1,0.0
722,0,
723,1,
724,1,
725,1,
726,0,
727,0,
728,0,1.0
729,1,
730,0,
731,0,
732,0,
733,0,
734,0,1.0
735,0,1.0
736,1,0.0
737,1,0.0
738,0,
739,0,
740,0,
741,0,
742,0,
743,1,0.0
744,1,
745,0,
746,1,
747,1,
748,0,
749,1,
750,0,1.0
751,1,
752,0,
753,1,
754,1,
755,0,
756,1,
757,1,
758,1,
759,1,
760,0,
761,1,
762,0,
763,1,
764,0,
765,0,
766,1,0.0
767,0,
768,0,
769,0,1.0
770,0,1.0
771,1,
772,1,
773,1,
774,1,
775,0,
776,1,
777,1,
778,1,
779,0,
780,1,
781,1,
782,0,
783,0,
784,1,0.0
785,1,0.0
786,1,
787,1,
788,0,
789,1,
790,0,
791,0,
792,1,
793,1,
794,1,
795,0,
796,1,0.0
797,1,
798,1,0.0
799,1,0.0
800,1,
801,1,
802,1,
803,0,
804,0,
805,0,
806,1,
807,1,
808,1,
809,0,1.0
810,1,
811,1,
812,0,
813,1,
814,0,
815,1,
816,1,
817,1,
818,0,
819,1,
820,1,
821,1,
822,0,
823,1,
824,1,
825,1,
826,1,0.0
827,1,
828,1,0.0
829,0,
830,1,
831,0,
832,1,0.0
833,1,
834,1,
835,1,0.0
836,1,
837,1,
838,1,
839,1,0.0
840,1,
841,0,
842,0,1.0
843,1,
844,1,
845,0,
846,1,0.0
847,0,
848,0,
849,1,
850,1,
851,1,0.0
852,0,
853,0,1.0
854,1,
855,0,
856,1,0.0
857,1,
859,1,
860,1,
861,1,
862,1,
863,0,
864,1,0.0
865,1,0.0
866,0,1.0
867,0,1.0
868,1,
869,0,
870,1,
871,1,
872,1,0.0
873,1,
874,1,0.0
875,1,0.0
876,1,
877,1,
878,0,
879,0,
880,1,
881,0,
882,0,
883,0,
907,1,
908,1,
909,1,0.0
910,0,
911,1,0.0
912,0,1.0
913,0,
914,1,0.0
915,0,
916,1,
917,1,
918,0,
919,0,
920,0,
921,0,
922,0,
923,0,1.0
924,0,1.0
925,0,1.0
926,1,0.0
927,1,
928,0,
929,0,
930,1,
931,0,
932,0,
933,0,
934,0,
935,0,
936,1,
937,1,
938,1,
939,1,
940,0,
941,1,
942,1,
943,0,
944,0,
945,1,0.0
946,0,
947,1,0.0
948,1,0.0
949,1,
950,0,1.0
951,0,1.0
952,0,
953,0,
954,1,
955,0,
956,1,
957,1,
958,0,
959,1,0.0
960,0,
961,1,
962,1,0.0
963,1,
964,0,
965,0,
966,1,0.0
967,0,1.0
968,1,
969,1,
970,0,
971,0,
972,1,0.0
973,0,
974,1,
975,1,
976,0,1.0
977,0,
978,0,
979,1,0.0
980,0,
981,1,
982,1,
983,1,
984,0,1.0
985,1,
986,0,1.0
987,1,
988,1,0.0
989,0,
990,1,
991,1,
992,0,
993,0,
994,0,
995,1,
996,0,
997,0,
998,1,
999,0,
1000,1,
1001,0,
1002,0,
1003,1,
1004,0,
1005,1,
1006,0,1.0
1007,0,
1008,0,
1009,1,
1010,0,1.0
1011,0,
1012,0,1.0
1013,0,
1014,0,
1015,1,0.0
1016,1,
1017,0,
1018,0,
1019,1,0.0
1020,0,
1021,1,
1022,0,
1023,1,
1024,1,0.0
1025,1,
1026,0,
1027,0,1.0
1028,1,
1029,1,0.0
1030,0,
1031,1,
1032,0,
1033,0,
1034,0,
1035,0,
1036,0,
1037,0,1.0
1038,0,
1039,0,
1040,0,
1041,1,
1042,0,
1043,0,1.0
1044,1,
1045,0,
1046,1,
1047,1,
1048,1,
1049,1,
1050,0,
1052,0,
1053,1,
1054,0,
1055,1,
1057,0,
1058,0,1.0
1059,1,
1060,0,
1061,0,
1062,1,
1063,1,
1064,1,
1065,1,
1066,0,
1067,1,
1068,0,
1069,0,
1070,0,
1071,1,
1072,0,
1073,0,
1075,1,
1077,0,
1078,0,
1079,0,
1080,1,
1081,1,
1082,0,
1083,1,
1084,0,
1085,0,
1086,1,
1087,1,
1088,0,
1089,0,
1090,1,
1091,0,
1092,0,
1093,1,
1094,0,
1095,1,0.0
1096,0,
1097,1,0.0
1098,0,1.0
1099,0,
1100,0,1.0
1101,0,
1102,0,
1103,0,
1104,0,
1105,1,
1106,1,0.0
1107,0,
1108,0,
1109,0,
1110,0,
1111,1,
1112,0,
1113,0,1.0
1114,0,
1115,0,1.0
1116,1,
1117,0,
1118,0,
1119,1,
1120,0,
1121,0,
1122,1,0.0
1123,1,0.0
1124,0,1.0
1125,1,
1126,0,
1127,1,
1128,0,
1129,0,1.0
1130,0,1.0
1131,0,
1132,0,
1133,1,
1134,0,
1135,1,
1136,0,
1137,0,
1138,1,
1139,1,
1140,1,
1141,1,
1142,0,
1143,0,
1144,0,
1145,1,
1146,0,
1147,1,
1148,0,
1149,1,
1150,0,
1151,0,
1152,1,
1153,1,
1154,1,
1155,0,1.0
1156,1,0.0
1157,0,
1158,1,
1159,1,
1160,1,
1161,0,
1162,0,1.0
1163,1,0.0
1164,0,
1165,1,
1166,0,
1167,0,
1168,0,
1169,0,
1170,0,
1171,0,
1172,0,
1173,1,0.0
1174,0,
1175,0,
1176,0,
1177,0,
1178,1,
1179,0,
1180,1,
1181,0,
1182,1,
1183,1,
1184,0,
1185,1,0.0
1186,0,
1187,1,0.0
1188,1,
1189,1,
1190,0,
1191,0,
1192,1,0.0
1193,1,
1194,0,
1195,1,0.0
1196,0,
1197,0,
1198,1,0.0
1199,1,
1200,0,
1201,0,
1202,0,
1203,1,0.0
1204,1,
1205,1,
1206,0,1.0
1207,1,
1208,1,
1209,1,0.0
1210,0,1.0
1211,0,
1212,0,1.0
1213,1,
1214,1,
1215,0,
1216,0,
1217,1,
1218,0,
1219,0,
1220,1,0.0
1221,1,0.0
1222,0,
1223,0,
1224,0,
1225,0,
1226,1,
1227,0,
1228,1,0.0
1229,0,
1230,0,
1231,1,0.0
1232,0,1.0
1233,1,
1234,1,
1235,1,
1236,0,1.0
1237,1,
1238,1,
1239,0,
1240,1,
1241,0,
1242,0,
1243,0,
1244,1,
1245,0,
1246,0,
1247,0,1.0
1248,1,
1249,1,
1250,0,
1251,1,
1252,1,
1253,0,
1254,0,
1255,0,
1256,1,
1257,0,
1258,1,
1259,0,
1260,1,
1261,1,
1262,1,
1263,0,
1264,1,
1265,1,
1266,0,1.0
1267,1,0.0
1268,0,
1269,0,
1270,0,
1271,0,
1272,1,0.0
1273,0,
1274,1,
1275,0,1.0
1276,0,1.0
1277,1,
1278,0,
1279,0,
1280,0,1.0
1281,0,
1282,0,
1283,0,
1284,1,
1285,0,
1286,1,
1287,0,1.0
1288,1,
1289,1,
1290,0,
1291,1,
1292,0,
1293,1,0.0
1294,0,1.0
1295,0,
1296,0,
1297,1,
1298,1,
1299,0,
1300,1,
1301,1,
1302,0,
1303,0,
1305,0,
1306,1,
1307,1,
1308,0,
1309,1,
1310,1,
1311,1,
1312,0,
1313,0,
1314,1,0.0
1315,0,
1316,1,
1317,0,
1318,1,
1319,0,
1320,0,
1321,1,0.0
1322,0,
1323,0,
1324,1,
1326,0,
1327,0,
1328,1,0.0
1329,1,
1330,1,0.0
1331,1,
1332,0,1.0
1333,0,
1334,1,
1335,1,
1336,0,
1337,1,0.0
1338,1,
1339,0,
1340,1,0.0
1341,1,
1342,1,0.0
1343,0,
1344,0,
1346,0,1.0
1347,1,
1348,1,0.0
1349,0,
1350,0,
1351,1,0.0
1352,0,
1353,1,
1354,0,
1355,1,
1356,1,
1357,1,
1358,0,1.0
1359,1,0.0
1360,1,
1361,1,0.0
1362,0,
1363,1,
1364,0,
1365,0,
1366,0,
1367,0,
1368,1,
1369,1,
1370,0,1.0
1371,1,0.0
1372,0,1.0
1373,0,
1374,1,0.0
1375,1,
1376,1,
1377,1,0.0
1378,0,
1379,1,0.0
1380,0,
1381,1,0.0
1382,0,
1383,0,1.0
1386,1,
1387,1,
1388,0,
1389,1,
1390,1,0.0
1391,0,1.0
1392,0,
1393,1,
1394,0,
1395,0,
1396,0,
1397,1,
1398,1,0.0
1399,1,0.0
1400,1,
1401,0,
1402,1,0.0
1403,1,0.0
1404,0,
1405,1,
1406,0,
1407,0,
1408,0,
1409,1,
1410,1,
1411,1,
1412,0,
1413,0,
1414,0,1.0
1415,1,0.0
1416,0,
1417,0,
1418,0,
1419,0,
1420,0,1.0
1421,0,
1422,0,1.0
1423,0,
1424,0,
1425,0,
1426,1,
1427,0,1.0
1428,0,
1429,0,
1430,0,
1431,0,
1432,0,1.0
1433,0,
1434,1,0.0
1435,0,
1436,0,1.0
1437,0,1.0
1438,1,
1439,1,
1440,1,
1441,1,0.0
1442,0,
1443,1,0.0
1444,1,0.0
1445,1,
1446,0,1.0
1447,1,0.0
1448,0,
1449,1,
1450,1,0.0
1451,1,0.0
1452,1,0.0
1453,0,
1454,1,
1455,1,
1456,1,
1457,0,
1458,1,
1459,0,
1460,0,
1461,0,1.0
1462,1,
1464,1,
1465,1,0.0
1466,1,
1467,0,
1468,1,
1469,0,
1470,1,
1471,1,
1472,1,
1473,0,
1474,0,1.0
1475,1,
1476,0,
1477,0,1.0
1478,0,
1479,1,
1480,0,
1481,1,
1482,0,
1483,0,
1484,0,
1485,0,
1486,0,
1487,1,
1488,0,1.0
1489,0,
1490,0,
1491,1,
1492,0,
1493,1,
1494,1,
1495,1,
1496,0,
1497,0,
1498,1,
1499,1,
1500,0,
1501,0,
1502,1,
1503,1,
1504,0,
1505,1,
1506,0,
1507,1,
1508,1,
1509,0,1.0
1510,1,0.0
1511,0,
1512,0,
1513,0,
1514,1,
1515,1,0.0
1516,0,
1517,1,
1518,0,
1519,1,
1520,0,
1521,0,1.0
1523,0,
1524,1,
1525,1,
1526,0,
1527,0,
1528,0,
1529,0,
1530,1,
1531,1,
1532,0,
1533,1,0.0
1534,1,
1535,1,
1536,1,0.0
1537,0,1.0
1538,0,
1539,1,
1540,0,
1541,1,
1542,0,
1543,0,
1544,0,
1545,1,0.0
1546,1,0.0
1547,0,
1549,1,
1550,1,
1551,1,
1552,0,
1553,0,
1554,1,
1555,1,
1556,0,1.0
1557,1,
1558,0,
1559,1,0.0
1560,0,
1561,1,
1562,0,
1563,0,
1564,1,
1565,1,
1566,0,
1567,0,
1568,0,
1569,0,
1570,1,
1571,0,
1572,0,
1573,1,
1574,0,
1575,1,
1576,0,
1577,1,
1578,0,
1579,0,
1580,1,
1581,1,0.0
1582,1,0.0
1583,0,
1584,1,
1585,0,
1586,1,
1587,1,
1588,1,
1589,1,
1590,1,
1591,1,
1592,0,
1593,1,
1594,1,0.0
1595,1,
1596,0,
1597,0,
1598,1,
1599,1,0.0
1600,1,
1601,1,
1602,1,
1603,0,
1604,1,
1605,0,
1606,0,
1607,1,
1608,0,
1609,1,
1610,0,
1611,0,
1612,1,
1613,0,
1614,1,0.0
1615,1,
1616,1,
1617,1,0.0
1618,1,0.0
1619,0,
1620,0,
1621,1,
1622,0,1.0
1623,1,
1624,1,
1625,1,0.0
1626,0,
1627,1,
1628,0,
1629,0,
1630,0,
1631,0,
1632,0,
1633,1,0.0
1634,0,
1635,1,
1636,0,
1637,0,
1638,1,0.0
1639,0,1.0
1640,0,
1641,0,
1642,1,
1643,1,
1644,0,
1645,0,
1646,0,
1647,1,
1648,1,0.0
1649,0,
1650,0,
1651,0,1.0
1652,1,
1653,0,1.0
1654,0,1.0
1655,0,
1656,1,
1657,0,1.0
1659,1,
1660,0,
1661,0,1.0
1662,1,
1663,1,
1664,0,
1665,1,
1666,0,
1667,1,
1668,1,0.0
1669,1,
1670,0,1.0
1671,0,
1672,1,
1673,0,
1674,0,
1675,1,
1676,1,
1677,0,
1678,1,
1679,1,0.0
1680,0,
1681,0,
1682,0,
1683,0,
1685,1,0.0
1686,1,0.0
1687,0,
1688,1,
1689,1,
1690,0,
1691,1,0.0
1692,0,
1693,1,
1694,0,1.0
1695,0,
1696,1,
1697,1,0.0
1698,0,
1699,0,1.0
1700,0,
1701,0,
1702,0,
1703,0,
1704,0,1.0
1705,1,
1706,0,
1708,1,0.0
1709,1,0.0
1710,1,
1711,1,
1712,0,
1713,1,0.0
1714,1,
1715,0,
1716,1,
1717,1,0.0
1718,1,
1719,0,
1720,1,
1721,1,
1722,0,
1723,0,
1724,0,
1725,1,
1726,1,
1727,1,
1728,1,
1729,0,
1730,1,
1731,0,1.0
1732,0,
1733,0,
1734,1,0.0
1735,1,
1736,1,
1737,0,
1738,0,
1739,0,
1740,1,
1741,0,
1742,0,
1743,0,
1744,0,
1745,1,0.0
1746,1,
1748,0,
1749,1,
1750,1,0.0
1751,0,
1752,1,
1753,1,
1754,0,
1755,1,
1756,1,0.0
1757,1,0.0
1758,1,0.0
1759,0,
1760,1,
1761,1,
1762,1,
1763,1,0.0
1764,0,
1765,1,
1766,0,
1767,1,
1768,0,
1769,1,
1770,1,
1771,0,1.0
1772,1,0.0
1773,0,
1774,0,1.0
1775,0,
1776,1,0.0
1777,0,
1778,0,
1779,1,
1780,1,
1781,1,
1782,0,
1783,0,
1784,0,
1785,0,
1786,1,
1787,1,
1788,0,
1789,0,
1791,1,
1792,1,
1793,1,
1794,1,
1795,1,
1796,0,
1797,1,
1798,1,
1799,0,
1800,1,0.0
1801,1,
1802,1,0.0
1803,0,
1804,1,
1805,1,
1806,1,0.0
1807,1,
1808,0,
1809,0,
1810,0,
1811,0,
1812,1,
1813,1,
1814,0,
1815,0,
1816,0,
1817,0,
1818,1,0.0
1819,0,
1820,1,0.0
1821,1,0.0
1822,0,1.0
1823,0,
1824,0,
1825,1,
1826,1,
1827,1,0.0
1828,1,
1829,0,
1830,1,
1831,0,
1832,0,
1833,1,
1834,1,0.0
1835,0,
1836,0,
1837,0,
1838,0,1.0
1839,0,1.0
1840,0,
1841,1,
1842,0,
1843,1,
1844,1,0.0
1845,0,1.0
1846,0,
1847,0,
1848,0,
1849,1,0.0
1850,1,
1851,0,
1852,1,
1853,0,1.0
1854,1,0.0
1855,1,
1856,1,0.0
1857,0,1.0
1859,1,
1860,1,0.0
1861,0,1.0
1862,0,
1863,1,
1864,0,
1865,0,
1866,0,
1867,1,
1868,1,
1869,1,
1870,1,
1871,0,1.0
1872,0,1.0
1873,0,
1874,1,
1875,0,
1876,0,
1877,1,0.0
1878,0,
1879,1,0.0
1880,0,
1881,0,
1882,1,
1883,1,0.0
1884,0,
1885,0,
1886,0,
1887,0,
1888,0,1.0
1889,0,
1890,1,
1891,0,
1892,0,
1893,1,
1894,0,
1895,1,
1896,0,
1897,1,
1898,1,0.0
1899,1,
1900,0,1.0
1901,0,1.0
1902,0,1.0
1903,0,
1904,0,
1905,0,1.0
1906,0,
1907,1,
1908,1,
1909,1,0.0
1910,0,
1911,0,
1912,1,
1913,0,
1914,1,
1915,1,
1916,1,0.0
1917,1,0.0
1918,0,
1919,0,
1921,1,
1922,0,1.0
1923,0,
1924,0,
1925,1,
1926,0,1.0
1927,0,1.0
1928,0,
1929,0,1.0
1930,0,1.0
1931,0,
1932,0,
1933,0,
1934,1,
1935,0,
1936,1,
1937,1,
1938,0,
1939,0,1.0
1940,0,1.0
1941,1,0.0
1942,0,
1943,1,
1944,0,
1945,0,1.0
1946,0,
1947,1,
1948,1,
1949,1,0.0
1950,1,
1951,1,
1952,0,
1953,0,
1954,0,
1955,1,
1956,0,
1957,0,1.0
1958,1,
1959,1,
1960,0,
1961,0,
1962,1,0.0
1963,0,
1964,1,
1965,1,
1966,0,1.0
1967,1,
1968,0,
1969,0,
1970,0,
1971,0,
1972,1,
1973,0,
1974,1,0.0
1975,1,
1976,0,
1977,1,
1978,0,
1979,0,
1980,1,
1981,1,
1983,0,1.0
1984,1,
1985,0,
1986,0,
1987,1,
1988,0,
1989,1,0.0
1990,1,
1991,1,
1992,1,0.0
1993,1,
1995,0,
1996,0,
1997,1,
1998,0,
1999,0,
2000,0,
2001,1,
2002,1,
2003,0,1.0
2004,0,
2005,0,1.0
2006,0,
2007,0,
2008,1,0.0
2009,1,
2010,0,
2011,0,
2012,1,
2013,0,1.0
2014,1,
2015,1,
2016,0,
2017,0,
2018,0,
2019,1,
2020,0,
2021,0,
2022,0,1.0
2023,0,
2024,0,
2025,1,
2026,0,
2027,0,1.0
2028,0,
2029,1,0.0
2030,0,
2031,1,
2032,0,
2033,0,
2034,1,
2035,0,1.0
2036,1,0.0
2037,0,
2038,0,1.0
2039,1,0.0
2040,0,
2041,1,0.0
2042,1,
2043,0,
2044,0,
2045,1,0.0
2046,1,
2047,1,
2048,1,
2049,1,
2050,0,
2051,0,1.0
2052,0,
2053,0,
2054,1,0.0
2055,0,
2056,0,1.0
2057,0,
2058,0,
2059,1,
2060,0,
2061,1,
2062,0,1.0
2063,1,0.0
2064,0,1.0
2065,0,1.0
2066,0,1.0
2067,1,
2068,0,
2069,1,
2071,1,0.0
2072,0,
2073,0,1.0
2074,1,
2075,0,1.0
2076,0,1.0
2077,1,0.0
2078,0,
2079,0,
2080,0,
2081,1,0.0
2082,0,
2083,0,1.0
2084,0,
2085,0,
2087,0,
2088,1,
2089,1,0.0
2090,0,
2091,0,1.0
2092,0,
2093,1,
2094,0,
2095,1,
2096,0,1.0
2097,1,
2098,1,0.0
2099,0,
2100,0,
2101,0,
2102,0,
2103,1,0.0
2104,1,0.0
2106,0,1.0
2107,0,
2108,0,
2109,0,
2110,0,
2111,0,1.0
2112,0,
2113,0,1.0
2114,1,
2115,0,
2116,0,
2117,0,
2118,1,0.0
2119,0,
2120,0,1.0
2121,1,
2122,0,1.0
2123,0,1.0
2124,0,1.0
2125,0,
2126,1,
2127,0,
2128,0,1.0
2129,0,
2130,0,
2131,1,0.0
2132,0,
2133,1,
2134,1,
2135,0,
2136,1,
2137,1,0.0
2138,0,1.0
2139,1,
2140,1,0.0
2141,0,
2142,1,
2143,0,1.0
2144,1,
2145,0,
2146,1,0.0
2147,1,0.0
2148,0,
2149,1,0.0
2150,0,
2151,1,0.0
2152,1,0.0
2153,1,
2154,1,0.0
2155,0,
2156,0,
2157,0,
2158,1,0.0
2159,1,0.0
2160,0,
2161,1,
2162,1,
2163,0,1.0
2164,0,
2165,1,
2166,0,1.0
2167,0,
2168,1,
2169,1,
2170,0,
2171,0,
2172,1,
2173,0,1.0
2174,0,1.0
2175,0,
2176,1,
2178,1,
2179,0,1.0
2180,0,
2181,1,
2182,1,0.0
2183,0,
2184,0,1.0
2185,1,0.0
2186,1,
2188,0,
2189,1,
2190,1,
2191,1,
2192,0,
2193,0,
2194,1,0.0
2195,1,
2196,0,
2197,1,
2198,1,0.0
2199,1,0.0
2200,0,1.0
2201,0,
2202,0,
2203,0,
2204,0,
2205,1,
2206,1,
2207,0,
2208,0,
2209,0,1.0
2210,1,0.0
2211,1,
2212,1,
2213,0,1.0
2214,1,0.0
2215,1,
2216,1,
2217,1,
2218,0,
2219,0,
2220,0,1.0
2221,0,
2222,0,1.0
2223,1,
2224,1,
2225,1,
2226,0,
2227,0,
2228,0,
2229,0,
2230,1,
2231,0,1.0
2232,1,0.0
2233,1,
2234,0,
2235,1,
2236,1,
2237,1,
2238,0,
2239,0,
2240,1,
2241,0,
2242,0,1.0
2243,1,0.0
2244,0,
2245,1,0.0
2246,0,
2247,0,
2248,0,
2249,0,1.0
2250,0,
2251,0,
2252,0,
2253,0,
2255,0,
2256,0,
2257,0,1.0
2258,1,
2259,0,1.0
2260,1,
2261,0,
2262,0,
2263,1,0.0
2264,1,0.0
2265,0,
2266,1,
2267,0,
2268,0,
2269,0,
2270,0,
2271,1,
2272,0,
2273,1,
2274,1,
2275,1,
2276,1,
2277,0,
2278,0,1.0
2279,0,
2280,0,
2281,0,
2282,1,
2283,0,
2284,1,
2285,1,
2286,1,
2287,1,0.0
2288,0,
2289,1,
2290,0,
2291,0,
2292,1,0.0
2293,0,
2294,0,
2295,0,
2296,1,
2297,1,
2298,0,
2299,0,1.0
2300,0,
2301,0,
2302,1,
2303,0,
2304,1,
2306,0,
2307,1,
2308,0,1.0
2309,0,
2310,0,1.0
2312,1,
2313,0,
2314,0,
2315,1,
2316,0,
2317,1,
2318,0,
2319,0,
2320,0,
2321,0,
2322,0,1.0
2323,1,0.0
2324,1,
2325,0,
2326,0,1.0
2327,0,1.0
2328,0,
2329,1,0.0
2330,0,1.0
2331,1,
2332,0,
2333,0,
2334,0,
2335,1,0.0
2336,1,
2337,0,
2338,1,
2339,0,
2340,1,
2341,1,
2342,1,
2343,1,0.0
2344,0,1.0
2345,0,1.0
2346,1,0.0
2347,0,1.0
2348,0,
2349,0,1.0
2350,1,0.0
2351,0,1.0
2352,0,1.0
2353,0,
2354,0,
2355,1,
2356,0,1.0
2357,1,0.0
2358,1,0.0
2359,0,
2360,1,
2361,0,
2362,0,
2363,0,
2364,0,1.0
2365,1,
2367,0,1.0
2368,0,
2369,0,
2370,1,
2371,0,
2372,0,
2373,1,
2374,1,
2375,1,0.0
2376,0,
2377,0,
2378,0,
2379,0,
2380,1,
2381,0,
2382,1,
2383,0,1.0
2384,1,0.0
2385,0,
2386,0,
2387,1,
2388,0,1.0
2389,0,
2390,1,0.0
2391,0,1.0
2392,0,
2393,0,
2394,0,
2395,0,
2396,1,
2397,1,0.0
2398,0,1.0
2399,0,
2401,0,
2402,0,
2403,1,
2404,1,0.0
2405,1,
2406,1,0.0
2407,1,
2408,0,
2409,1,0.0
2410,1,
2411,0,
2412,0,1.0
2413,0,
2414,0,
2415,1,0.0
2416,0,
2417,0,
2418,0,
2419,0,1.0
2420,0,
2421,1,
2422,1,
2423,0,1.0
2424,1,
2425,0,
2426,0,
2427,0,
2428,0,
2429,0,
2430,1,0.0
2431,1,
2432,1,
2433,1,0.0
2434,1,
2435,0,
2436,0,1.0
2437,0,1.0
2438,1,0.0
2439,1,
2440,0,1.0
2441,0,
2442,0,
2443,0,
2445,0,1.0
2446,1,0.0
2447,1,
2448,1,
2449,0,
2450,1,0.0
2451,0,
2452,1,0.0
2453,1,
2454,0,
2455,0,
2456,1,
2457,0,
2458,0,
2459,1,0.0
2460,0,
2461,0,
2462,1,0.0
2463,1,
2464,0,
2465,0,1.0
2466,1,0.0
2467,0,1.0
2468,0,
2469,0,
2470,1,
2471,1,0.0
2472,0,
2473,1,
2474,1,
2475,1,
2476,1,
2477,1,0.0
2478,1,
2479,1,
2480,0,1.0
2481,0,
2482,0,
2483,1,
2484,0,
2485,1,0.0
2486,0,
2487,0,
2488,0,
2489,0,1.0
2490,1,0.0
2491,1,
2492,0,
2493,0,
2494,0,1.0
2495,1,0.0
2496,1,
2497,0,
2498,0,1.0
2499,1,
2500,1,
2501,1,
2502,0,1.0
2503,0,
2504,1,
2505,0,
2506,1,
2507,0,1.0
2508,0,1.0
2509,0,
2510,0,
2511,0,1.0
2512,0,
2513,0,
2514,0,
2515,1,0.0
2516,1,
2517,0,
2518,0,
2519,1,
2520,1,0.0
2521,1,
2522,1,
2523,0,1.0
2524,1,
2525,1,0.0
2526,1,
2527,1,
2528,0,
2530,1,0.0
2531,0,
2532,0,
2533,1,
2534,0,
2535,0,
2536,0,
2537,0,
2538,0,1.0
2539,0,
2540,1,
2541,0,1.0
2542,0,
2543,1,0.0
2544,1,
2545,0,
2546,0,
2547,1,
2548,0,
2549,1,0.0
2550,1,
2551,0,
2552,1,0.0
2553,1,
2554,0,
2555,0,
2556,0,
2557,0,1.0
2558,0,
2559,0,
2560,0,
2561,1,0.0
2562,1,0.0
2563,0,
2564,1,0.0
2565,1,
2566,1,0.0
2567,0,
2568,0,1.0
2569,1,
2570,1,
2571,1,
2572,1,
2574,1,
2575,1,
2576,0,
2577,0,
2578,0,
2579,1,0.0
2580,0,1.0
2581,0,1.0
2582,0,
2583,1,
2584,0,
2585,0,
2586,0,
2587,1,
2588,0,
2589,0,
2590,1,
2591,0,1.0
2592,0,
2593,1,
2594,1,
2595,0,1.0
2596,0,
2597,1,
2598,0,1.0
2599,1,0.0
2600,1,
2601,0,
2602,0,
2603,1,
2604,1,
2605,0,
2606,1,
2607,0,1.0
2608,1,
2609,1,
2610,1,0.0
2611,1,0.0
2612,0,
2613,0,
2615,0,
2616,0,
2618,1,
2619,0,1.0
2620,1,0.0
2621,0,
2622,1,
2623,1,0.0
2624,1,0.0
2625,0,
2626,0,
2627,1,0.0
2628,0,
2629,0,
2630,0,
2631,1,
2632,0,
2633,1,
2634,0,
2635,0,
2636,0,
2637,0,
2638,0,
2639,1,
2640,0,1.0
2641,0,
2642,0,
2643,1,0.0
2644,1,
2645,1,
2646,1,
2647,0,
2648,1,0.0
2649,1,
2650,1,0.0
2651,1,
2652,1,0.0
2653,1,
2654,0,
2655,0,
2656,0,
2657,0,
2658,0,1.0
2659,1,0.0
2660,0,
2661,1,
2662,1,
2663,1,0.0
2664,0,
2665,1,0.0
2666,0,
2667,0,1.0
2668,1,
2669,0,
2671,0,1.0
2672,0,
2673,0,
2674,0,1.0
2675,0,
2676,1,
2677,0,
2678,0,1.0
2679,1,0.0
2680,1,
2681,0,1.0
2682,1,
2683,1,
2684,0,
2685,0,
2687,1,0.0
2688,1,
2689,0,
2690,0,
2691,1,
2692,0,
2693,1,0.0
2694,0,
2695,1,
2696,0,1.0
2697,1,0.0
2698,1,
2699,1,
2700,0,
2701,0,1.0
2702,1,
2703,1,0.0
2704,0,
2705,1,
2706,1,
2707,0,
2708,1,
2709,0,
2710,0,
2711,0,
2712,1,
2713,0,1.0
2714,0,
2715,0,
2716,0,1.0
2717,0,1.0
2718,0,
2719,1,0.0
2720,1,0.0
2721,1,
2722,0,
2723,0,1.0
2724,0,
2725,1,0.0
2726,0,
2727,1,0.0
2728,1,0.0
2729,0,
2730,0,
2731,1,
2732,1,
2733,1,
2734,1,
2735,0,1.0
2736,0,
2738,0,
2739,0,
2740,0,
2741,1,0.0
2742,0,
2743,0,
2744,1,
2745,1,
2746,0,1.0
2747,0,
2748,1,
2749,1,
2751,0,1.0
2752,0,
2753,0,
2754,1,0.0
2755,0,1.0
2756,0,
2757,0,
2758,1,0.0
2759,0,
2760,1,
2761,1,0.0
2762,1,0.0
2763,1,
2764,0,
2765,1,
2766,1,
2767,1,
2768,1,0.0
2769,0,
2770,0,
2771,1,
2772,1,
2773,1,
2774,0,
2775,0,
2776,0,
2777,1,
2778,0,
2779,0,1.0
2780,1,
2781,0,
2782,0,
2783,1,
2784,1,
2785,0,
2786,0,
2787,0,
2788,1,
2789,0,
2790,0,1.0
2791,0,
2792,0,
2793,1,0.0
2794,1,
2795,0,
2796,0,
2797,0,
2798,0,
2799,0,
2800,1,
2801,0,
2802,0,
2803,0,1.0
2804,0,
2805,0,1.0
2806,1,0.0
2807,1,0.0
2808,1,
2809,1,
2810,1,
2811,1,
2812,0,
2813,1,0.0
2814,0,
2815,0,
2816,0,
2817,0,
2818,0,
2819,0,
2820,0,
2821,0,
2822,0,
2823,1,0.0
2824,0,
2825,1,
2826,0,
2827,0,1.0
2828,0,
2829,1,0.0
2830,0,
2831,0,
2832,1,0.0
2833,1,0.0
2834,0,1.0
2835,1,
2836,1,
2837,0,
2838,0,
2839,0,
2840,0,
2841,0,
2842,0,
2843,0,
2844,1,0.0
2845,1,
2846,0,
2847,0,
2848,1,
2849,1,
2850,0,
2851,0,1.0
2852,0,
2853,0,
2854,0,
2855,1,
2856,0,
2857,1,0.0
2858,1,0.0
2859,1,
2860,0,
2861,0,1.0
2862,1,0.0
2864,0,
2865,0,
2866,0,
2867,1,
2868,0,
2869,1,
2870,0,
2871,0,
2872,1,
2873,0,
2874,0,
2875,0,
2876,0,1.0
2877,1,
2878,0,
2879,0,
2880,1,
2881,0,
2882,0,
2883,1,0.0
2884,0,1.0
2885,0,1.0
2886,1,
2887,0,
2888,0,1.0
2889,1,
2890,0,
2891,1,0.0
2892,0,
2893,1,
2894,0,
2896,0,
2897,1,
2898,1,
2899,0,1.0
2900,0,
2901,0,
2902,1,0.0
2903,0,1.0
2904,1,0.0
2905,0,
2906,0,
2907,1,
2908,0,
2909,0,
2910,0,
2911,0,1.0
2912,0,
2914,0,1.0
2915,0,
2916,0,
2917,1,0.0
2918,0,
2919,0,
2921,1,
2922,0,1.0
2923,1,
2925,1,0.0
2926,1,
2927,1,
2928,0,
2929,0,
2930,0,
2931,0,
2932,0,
2933,1,
2934,0,
2935,1,
2936,0,
2937,0,
2938,1,0.0
2939,1,
2940,1,
2941,1,
2942,1,0.0
2943,0,
2944,0,1.0
2945,1,
2946,1,
2947,0,
2948,1,0.0
2949,0,
2950,0,1.0
2951,0,
2952,0,1.0
2953,1,
2954,0,
2955,0,
2956,0,
2957,0,1.0
2958,1,0.0
2959,0,
2960,0,
2961,0,
2962,1,0.0
2963,0,
2964,0,
2965,1,0.0
2966,0,1.0
2967,1,
2968,0,
2969,1,0.0
2970,0,
2971,0,
2972,1,
2973,0,
2974,0,
2975,1,
2976,1,0.0
2977,0,
2978,1,
2979,0,
2980,0,1.0
2981,1,0.0
2982,0,
2983,0,
2984,0,
2985,1,
2986,1,
2987,1,0.0
2988,0,
2989,1,
2990,0,
2991,0,
2992,0,
2993,1,
2994,0,
2996,1,
2997,0,
2998,1,
2999,1,
3000,0,
3001,1,0.0
3002,1,
3003,1,0.0
3004,0,
3005,0,
3006,0,
3007,1,
3008,1,0.0
3009,0,
3010,1,
3011,0,1.0
3012,0,
3013,0,
3014,1,
3015,1,0.0
3016,1,
3017,0,1.0
3018,1,
3019,0,
3020,0,
3021,1,
3022,1,0.0
3023,1,0.0
3024,1,0.0
3025,0,
3026,0,
3027,1,
3028,0,
3029,0,
3030,0,
3031,1,
3032,0,
3033,0,
3034,1,
3035,1,
3036,0,
3037,0,1.0
3038,0,
3039,0,
3040,0,
3041,1,0.0
3042,1,
3043,0,
3044,0,
3045,1,0.0
3046,0,
3047,0,
3048,0,1.0
3049,1,
3050,1,
3051,0,1.0
3052,0,
3053,1,0.0
3054,1,
3055,1,
3056,0,
3057,0,
3058,0,
3059,0,
3060,1,0.0
3061,0,
3064,1,0.0
3065,1,
3066,1,
3067,0,
3068,1,0.0
3069,0,
3070,0,
3071,0,1.0
3072,1,0.0
3073,1,
3074,1,0.0
3075,1,
3076,1,
3077,0,
3078,0,1.0
3079,0,
3080,1,
3081,0,
3082,0,
3083,0,
3084,0,
3085,0,
3086,0,1.0
3087,0,
3088,1,0.0
3089,0,
3090,0,
3091,1,
3092,1,
3093,1,
3094,1,
3095,1,
3096,0,1.0
3097,1,
3098,1,
3099,0,1.0
3100,1,
3101,1,0.0
3102,1,
3103,0,
3104,1,
3105,1,0.0
3106,0,
3107,1,
3108,0,
3109,0,
3110,1,
3111,0,
3112,1,
3113,0,
3114,1,
3115,0,1.0
3116,1,0.0
3117,1,
3118,0,
3119,1,0.0
3120,1,
3121,0,1.0
3122,1,0.0
3123,1,
3124,1,
3125,0,
3126,1,
3127,1,
3128,0,
3129,0,
3130,1,
3131,0,
3132,1,0.0
3133,1,0.0
3134,0,
3135,1,0.0
3136,1,0.0
3137,1,
3138,1,
3139,0,1.0
3140,1,
3141,0,1.0
3142,1,
3143,1,
3144,1,
3146,0,
3147,0,
3148,0,
3149,0,
3150,0,
3151,1,
3152,1,
3153,0,
3154,1,
3155,0,
3156,0,
3157,1,
3158,0,
3159,1,0.0
3160,1,0.0
3161,0,
3162,0,1.0
3163,1,
3164,0,
3165,1,
3166,0,
3167,1,
3168,1,0.0
3169,0,
3170,1,
3171,1,
3172,1,
3173,0,
3174,1,
3175,0,
3176,1,
3177,0,
3178,1,
3179,1,
3180,1,
3181,1,
3182,0,
3183,1,
3184,0,
3185,1,
3186,0,
3187,1,
3188,0,
3189,1,
3190,0,
3191,0,
3192,1,0.0
3193,0,
3194,0,
3195,0,
3196,1,
3197,1,
3198,1,
3199,1,0.0
3200,0,
3201,0,
3202,1,
3203,1,
3204,0,
3205,1,0.0
3206,0,
3207,0,
3208,0,
3209,1,
3211,0,
3212,1,
3213,0,
3214,0,1.0
3215,1,
3216,0,
3217,1,
3218,1,
3219,0,
3220,1,
3221,1,
3222,1,
3223,1,
3224,0,
3225,0,
3226,1,
3227,1,
3228,1,
3229,0,
3230,1,
3231,0,
3232,0,1.0
3233,0,
3234,0,
3235,0,1.0
3236,0,
3237,0,
3238,1,
3239,0,
3240,0,
3241,1,
3242,1,
3243,1,
3244,0,
3245,1,0.0
3246,0,
3247,0,
3248,1,
3249,1,
3250,1,
3251,1,
3252,0,
3253,1,0.0
3254,0,1.0
3255,1,
3256,1,0.0
3257,1,
3258,1,
3259,1,
3260,0,
3261,1,
3262,1,
3263,0,
3264,0,
3265,1,
3266,1,
3267,0,
3268,0,
3269,1,
3270,0,1.0
3271,1,
3272,0,
3273,0,1.0
3274,1,0.0
3275,1,
3276,1,
3277,1,
3278,0,
3279,1,
3280,1,0.0
3281,1,0.0
3282,1,
3283,0,
3284,0,
3285,1,0.0
3286,1,
3287,0,
3288,1,0.0
3289,0,
3290,1,
3291,0,
3292,1,
3293,1,
3294,1,
3295,0,
3296,0,
3297,0,
3299,1,
3300,1,
3301,1,
3302,1,
3303,1,
3304,1,
3305,1,
3306,1,
3307,1,0.0
3308,0,1.0
3309,0,
3310,0,1.0
3311,0,1.0
3312,0,1.0
3313,1,
3314,1,
3315,1,
3316,0,1.0
3317,1,
3318,1,
3319,1,
3320,1,
3321,0,
3322,0,
3323,1,
3324,0,
3325,1,
3326,0,
3327,1,0.0
3328,1,
3329,1,
3331,1,
3333,1,0.0
3334,1,
3335,1,
3336,1,
3337,1,0.0
3338,1,
3339,1,
3340,1,
3341,1,
3342,1,0.0
3343,0,1.0
3344,0,
3345,1,
3346,1,
3347,1,
3348,0,
3349,1,
3350,0,
3351,1,
3352,1,
3353,1,
3354,1,
3355,1,
3356,1,
3357,1,
3358,1,
3359,1,
3360,1,
3361,1,0.0
3362,1,
3363,0,
3364,0,
3365,1,
3366,1,
3367,1,
3368,0,
3369,1,
3370,1,
3371,1,
3372,1,
3373,0,
3374,0,
3375,1,
3376,1,
3377,1,
3378,0,
3379,1,
3380,1,0.0
3382,0,
3383,0,
3384,1,
3385,1,
3386,1,0.0
3387,0,
3388,1,
3389,1,
3390,0,
3391,0,
3392,0,
3393,1,
3394,1,
3395,1,
3396,1,
3397,1,0.0
3399,1,
3400,0,
3401,1,0.0
3402,1,
3403,0,
3404,1,0.0
3405,1,
3406,0,
3407,1,
3408,0,1.0
3409,0,
3410,1,0.0
3411,0,
3412,0,
3413,0,
3414,0,
3415,0,
3416,1,
3417,1,
3418,1,
3419,1,
3420,0,
3421,0,
3422,1,
3423,1,
3424,1,
3425,1,
3426,0,
3427,1,
3428,1,0.0
3429,1,0.0
3430,1,
3431,1,
3432,1,
3433,1,0.0
3434,0,
3435,1,
3436,0,
3437,0,
3438,0,
3439,0,1.0
3440,1,
3441,0,
3442,1,
3443,0,
3444,1,
3445,1,
3446,0,
3447,0,
3448,0,
3449,0,
3450,1,
3451,0,
3452,0,1.0
3453,1,
3454,1,
3455,0,
3456,0,
3457,1,0.0
3458,1,
3459,0,
3460,0,
3461,0,
3462,0,
3463,0,1.0
3464,1,
3465,1,
3466,1,0.0
3467,0,
3468,0,1.0
3469,0,
3470,1,
3471,1,
3472,1,
3473,1,
3474,1,
3475,1,
3476,1,
3477,1,
3478,1,
3479,0,
3480,1,
3481,1,0.0
3482,1,
3483,1,
3484,1,
3485,0,1.0
3486,1,
3487,1,
3488,1,0.0
3489,0,
3490,0,1.0
3491,0,
3492,1,
3493,1,
3494,0,
3495,1,
3496,0,
3497,0,
3498,1,
3499,0,
3500,1,
3501,1,
3502,1,
3503,1,0.0
3504,1,0.0
3505,0,
3506,1,
3507,1,
3508,0,
3509,1,
3510,1,
3511,0,
3512,1,
3513,1,
3514,0,
3515,1,
3516,1,0.0
3517,1,
3518,1,0.0
3519,0,
3520,0,
3521,0,1.0
3522,1,
3523,0,
3524,0,
3525,0,
3526,0,
3527,0,
3528,0,
3529,0,
3530,0,
3531,1,0.0
3532,1,
3533,0,
3534,0,1.0
3535,0,1.0
3536,1,
3537,0,1.0
3538,0,1.0
3539,0,
3540,0,
3541,1,0.0
3542,0,
3543,0,
3544,1,0.0
3545,1,0.0
3546,1,
3547,1,
3548,1,
3549,0,
3550,1,0.0
3551,1,0.0
3552,1,
3553,1,
3554,1,0.0
3555,1,
3556,1,0.0
3557,1,
3558,1,
3559,1,
3560,0,
3561,1,
3562,1,
3563,0,
3564,0,
3565,0,
3566,1,
3567,1,
3568,1,
3569,1,
3570,1,
3571,1,
3572,0,
3573,0,
3574,1,
3575,1,
3576,0,
3577,1,
3578,0,
3579,1,
3580,0,1.0
3581,1,
3582,0,
3583,0,1.0
3584,1,
3585,1,0.0
3586,0,
3587,0,
3588,1,
3589,0,
3590,0,
3591,0,
3592,0,
3593,1,
3594,0,
3595,1,
3596,1,
3600,1,
3601,0,
3602,1,
3603,1,
3604,0,
3605,1,
3606,1,0.0
3607,1,
3608,0,
3609,0,
3610,1,
3611,1,
3612,1,
3613,1,0.0
3614,1,
3615,0,
3616,1,
3617,1,
3618,0,
3619,0,
3620,1,
3621,1,
3622,1,0.0
3623,1,
3624,1,
3625,1,
3626,1,
3627,1,
3628,1,
3629,1,
3630,1,0.0
3631,1,
3632,1,
3633,0,1.0
3634,0,
3635,0,1.0
3636,0,
3637,0,
3638,1,
3639,1,
3640,1,
3641,1,
3642,1,
3643,0,
3644,1,
3645,0,
3646,0,
3647,1,
3648,1,
3649,1,
3650,1,
3651,1,
3652,0,
3653,0,1.0
3654,0,
3655,0,
3656,0,
3657,0,
3658,1,
3659,1,
3660,1,
3661,1,0.0
3662,1,
3663,1,
3664,1,
3665,0,1.0
3666,0,
3667,1,
3668,0,1.0
3669,1,
3670,1,
3671,0,
3672,0,1.0
3673,0,
3674,1,
3675,1,
3676,1,
3677,0,1.0
3679,1,
3680,1,
3681,1,0.0
3682,1,0.0
3683,1,0.0
3684,1,0.0
3685,1,
3686,1,
3687,1,
3688,1,
3689,1,
3690,1,0.0
3691,0,
3692,0,
3693,1,0.0
3694,0,
3695,1,
3696,0,
3697,1,
3698,1,
3699,0,
3700,1,
3701,0,
3702,1,
3703,0,
3704,1,
3705,1,
3706,1,
3707,1,
3708,0,
3709,1,
3710,0,
3711,1,
3712,1,
3713,0,
3714,1,0.0
3715,1,0.0
3716,0,
3717,1,
3718,1,0.0
3719,1,
3720,1,
3721,0,
3722,0,
3723,0,
3724,1,
3725,1,
3726,1,0.0
3727,0,
3728,0,
3729,1,
3730,0,
3731,1,
3732,0,1.0
3733,1,
3734,1,
3735,0,
3736,0,
3737,0,
3738,1,0.0
3739,1,0.0
3740,1,
3741,1,
3742,1,0.0
3743,1,
3744,1,0.0
3745,1,0.0
3746,0,
3747,0,
3748,1,0.0
3749,1,0.0
3750,1,
3751,1,
3752,1,
3753,1,
3754,1,
3755,1,
3756,1,
3757,1,
3758,1,
3759,1,
3760,0,1.0
3761,1,0.0
3762,1,0.0
3763,0,
3764,1,
3765,1,
3766,1,
3767,0,
3768,0,
3769,1,
3770,0,1.0
3771,0,1.0
3772,1,
3773,1,0.0
3774,1,
3775,1,0.0
3776,1,
3777,1,
3778,0,
3779,1,
3780,0,
3781,0,
3782,0,
3783,1,0.0
3784,1,
3785,1,
3786,1,
3787,0,
3788,0,1.0
3789,1,
3790,1,
3791,0,
3792,1,
3793,0,
3794,1,
3795,1,0.0
3796,1,
3797,1,
3798,0,1.0
3799,1,
3800,1,0.0
3801,1,
3802,0,
3803,1,
3804,0,1.0
3805,1,
3806,1,
3807,1,
3808,0,
3809,1,
3810,0,
3811,0,
3812,0,
3813,0,
3814,1,
3815,0,
3816,1,
3817,0,
3818,1,
3819,1,0.0
3820,1,
3821,1,
3822,0,
3823,1,0.0
3824,1,
3825,1,
3826,1,
3827,1,
3828,0,
3829,1,
3830,0,
3831,1,
3832,1,
3833,0,
3834,1,0.0
3835,0,
3836,0,
3837,0,
3838,1,0.0
3839,0,
3840,1,
3841,0,
3842,0,1.0
3843,0,1.0
3844,1,
3845,1,0.0
3846,1,
3847,1,
3848,1,
3849,0,
3850,0,
3851,1,
3852,1,
3853,1,
3854,0,
3855,1,
3856,1,0.0
3857,0,
3858,1,0.0
3859,1,
3860,0,
3861,1,
3862,1,0.0
3864,1,0.0
3865,1,
3866,1,
3867,0,
3868,1,
3869,0,
3870,1,
3871,1,
3872,1,
3873,1,0.0
3874,1,0.0
3875,1,
3876,0,
3877,1,0.0
3878,1,
3879,1,
3880,1,
3881,0,
3882,0,
3883,0,
3884,0,
3885,1,
3886,1,0.0
3887,0,
3888,1,
3889,1,
3890,1,
3891,0,
3892,1,
3893,1,
3894,1,
3895,1,
3896,1,
3897,0,
3898,0,
3899,1,0.0
3900,0,
3901,1,
3902,1,
3903,1,
3904,0,
3905,1,0.0
3906,0,
3907,1,
3908,1,
3909,1,
3910,1,
3911,1,
3912,1,
3913,1,
3914,0,
3915,0,
3916,1,
3917,1,
3918,1,
3919,0,
3920,1,
3921,1,
3922,1,
3923,0,
3924,1,
3925,0,1.0
3926,1,
3927,1,0.0
3928,0,
3929,0,
3930,0,
3931,0,
3932,1,
3933,0,
3934,0,
3935,0,
3936,0,
3937,1,
3938,1,
3939,0,
3940,0,
3941,0,
3942,1,
3943,1,
3945,1,
3946,0,
3947,1,0.0
3948,1,
3949,0,
3950,1,
3951,1,
3952,1,
3953,1,
3954,0,
3955,0,1.0
3956,0,1.0
3957,1,
3958,0,1.0
3959,0,1.0
3960,0,
3961,1,
3962,0,
3963,1,
3964,0,
3965,1,
3966,1,
3967,1,
3968,0,
3969,1,
3970,1,0.0
3971,0,
3972,1,
3973,1,
3974,0,
3975,1,
3976,1,0.0
3977,1,
3978,1,
3979,1,
3980,0,
3981,1,
3982,0,
3983,1,0.0
3984,0,1.0
3985,0,
3986,1,
3987,1,
3988,1,
3989,0,1.0
3990,0,1.0
3991,0,1.0
3992,1,
3993,1,
3994,1,
3995,0,
3996,0,
3997,1,
3998,1,
3999,1,0.0
4000,1,
4001,0,
4003,0,
4004,1,
4005,1,
4007,0,
4008,0,
4009,0,
4010,0,
4011,1,0.0
4012,1,
4014,0,
4015,1,
4016,1,
4017,1,
4018,1,
4019,0,
4020,0,
4021,1,
4022,1,
4023,1,
4024,0,
4025,1,
4026,1,
4027,0,
4028,1,0.0
4029,1,
4030,1,0.0
4031,1,0.0
4032,0,
4033,1,
4034,0,1.0
4035,0,
4036,0,
4037,0,
4038,1,
4039,1,
4040,1,0.0
4041,1,
4042,0,
4043,0,
4044,1,0.0
4045,1,
4046,1,
4047,1,
4048,1,
4049,1,
4050,1,
4051,1,
4052,1,
4053,1,
4054,0,
4055,0,
4056,1,
4057,1,
4058,1,
4059,1,
4060,1,
4061,1,
4062,1,0.0
4063,0,
4064,1,
4065,1,
4066,0,
4067,1,
4068,1,
4069,0,
4070,1,
4071,1,0.0
4072,1,
4073,0,
4074,0,
4075,1,0.0
4076,1,
4077,0,
4078,0,1.0
4079,1,0.0
4080,0,1.0
4081,0,
4082,1,
4083,1,
4084,1,
4085,1,
4086,0,
4087,1,0.0
4088,0,
4089,1,
4090,1,0.0
4091,0,1.0
4092,0,
4093,1,
4094,0,
4095,1,0.0
4096,1,
4097,1,0.0
4098,1,
4099,1,
4100,1,0.0
4101,1,
4102,1,
4103,1,
4104,0,
4105,1,
4106,1,0.0
4107,1,
4108,0,
4109,1,
4110,1,0.0
4111,1,
4112,1,
4113,1,
4114,1,
4115,1,
4116,0,
4117,1,
4118,1,0.0
4119,1,0.0
4120,1,
4121,0,
4122,0,
4123,0,
4124,1,
4125,0,
4126,1,
4127,1,0.0
4128,1,
4129,0,
4130,0,1.0
4131,0,
4132,1,0.0
4133,1,
4134,0,
4135,0,
4136,0,
4137,0,
4138,0,
4139,0,
4140,1,
4141,0,
4142,0,
4143,1,
4144,1,
4145,1,
4146,0,
4147,0,
4148,0,
4149,0,
4150,1,0.0
4151,0,
4152,1,0.0
4153,0,1.0
4154,0,1.0
4155,0,
4156,0,
4157,0,1.0
4158,0,
4159,0,
4160,0,
4161,1,
4162,0,1.0
4163,0,
4164,1,
4165,0,
4166,0,1.0
4167,0,
4168,0,
4169,0,1.0
4170,0,
4171,1,
4172,0,
4173,1,
4174,0,
4175,0,1.0
4176,1,0.0
4177,1,
4178,1,
4179,0,1.0
4181,0,
4182,1,
4183,0,
4184,0,
4185,0,1.0
4186,0,1.0
4187,1,0.0
4188,0,
4189,0,
4190,0,
4191,0,
4192,1,
4193,0,
4194,0,
4195,0,
4196,0,
4197,0,
4198,0,
4199,0,
4200,0,
4201,0,
4202,1,
4203,0,
4204,1,
4205,1,
4206,1,0.0
4207,1,
4208,1,
4209,1,
4210,0,1.0
4211,0,
4212,0,1.0
4213,1,
4214,0,
4215,1,
4216,0,
4217,1,
4219,0,
4220,0,1.0
4221,0,
4222,1,0.0
4223,1,
4224,0,
4225,0,
4226,0,
4227,0,1.0
4229,0,
4230,1,
4231,0,1.0
4232,0,
4233,0,
4234,1,0.0
4235,1,0.0
4236,1,0.0
4237,0,
4238,0,
4239,1,
4240,0,
4241,0,
4242,0,1.0
4243,0,1.0
4244,0,
4245,1,
4246,0,
4247,1,
4248,0,1.0
4249,0,
4250,0,
4251,0,
4252,0,
4253,0,
4254,0,
4255,1,
4256,0,
4257,0,
4258,0,1.0
4259,0,
4260,0,
4261,0,
4262,1,0.0
4263,0,1.0
4265,1,
4266,0,
4267,1,
4268,0,
4269,1,
4270,0,
4271,0,
4272,1,
4273,0,
4274,0,
4275,1,
4276,1,
4277,1,
4278,1,
4279,0,
4280,0,
4281,1,0.0
4282,1,0.0
4283,0,
4284,0,
4285,0,
4286,1,0.0
4287,0,
4288,1,
4289,0,
4290,0,
4291,1,0.0
4292,1,
4293,1,
4294,0,
4295,0,
4296,0,1.0
4297,1,
4298,0,
4299,1,
4300,1,
4301,0,
4302,0,
4303,1,
4304,1,0.0
4305,1,
4306,1,
4307,0,
4308,0,1.0
4309,1,0.0
4310,1,
4311,1,
4312,1,0.0
4313,0,
4314,0,
4315,0,
4316,0,
4317,1,
4318,0,
4319,0,
4320,1,
4321,0,
4322,0,
4323,0,
4324,0,
4325,0,
4326,1,0.0
4327,0,
4328,0,
4329,1,
4330,1,
4331,0,
4333,1,
4334,0,
4335,0,
4336,0,1.0
4337,0,
4338,0,
4339,0,
4340,1,
4341,0,1.0
4342,0,
4343,0,
4344,1,
4345,0,
4346,1,0.0
4347,0,
4348,1,
4349,0,
4350,0,
4351,0,
4352,0,
4353,0,
4354,0,
4355,0,
4356,0,
4357,0,
4358,0,
4359,1,
4360,1,
4361,0,
4362,0,
4363,0,
4364,1,
4365,1,
4366,1,
4367,0,
4368,1,
4369,0,
4370,0,
4371,1,
4372,0,
4373,0,1.0
4374,0,
4375,1,0.0
4376,0,
4377,1,
4378,1,
4379,0,1.0
4380,1,
4381,0,
4382,0,
4383,0,
4384,0,
4385,1,
4386,0,
4387,0,
4388,0,
4389,0,
4390,1,0.0
4391,0,1.0
4392,0,
4394,0,
4395,1,
4396,1,
4397,0,
4399,0,
4400,0,
4401,1,
4402,0,
4403,1,0.0
4405,0,
4406,0,
4407,1,
4408,0,
4409,1,0.0
4410,0,
4411,1,
4412,0,
4413,0,
4414,1,
4415,1,
4417,1,
4418,0,
4419,1,0.0
4420,0,1.0
4421,0,
4422,0,
4423,1,
4424,1,
4425,0,
4426,1,0.0
4427,1,0.0
4428,1,
4429,0,
4430,0,
4431,1,
4432,1,
4433,1,
4434,0,
4435,0,
4436,0,
4437,0,
4438,0,
4439,1,0.0
4440,0,
4441,0,1.0
4442,1,
4443,0,
4444,0,
4445,0,
4446,1,0.0
4447,0,
4448,1,
4449,1,
4450,0,
4451,0,
4452,1,0.0
4453,0,1.0
4454,1,
4455,0,1.0
4456,0,
4457,0,
4458,0,
4459,0,
4460,0,1.0
4461,0,
4462,0,
4463,0,
4464,1,
4466,0,1.0
4467,1,
4468,0,
4469,1,
4470,1,
4471,0,
4472,0,
4473,0,
4474,0,
4475,1,
4476,0,
4477,1,
4478,0,
4479,1,0.0
4480,0,
4481,0,
4482,0,
4483,0,
4484,1,
4485,0,1.0
4486,0,
4487,0,
4488,0,1.0
4489,0,
4490,1,0.0
4491,1,0.0
4492,0,1.0
4493,1,0.0
4494,0,
4495,1,0.0
4496,1,
4497,0,1.0
4498,0,1.0
4499,1,
4500,1,
4501,1,
4502,1,
4503,0,
4504,1,
4505,0,
4506,0,
4507,1,
4508,0,
4509,1,
4510,0,
4511,1,
4512,0,1.0
4513,0,
4514,1,0.0
4515,0,
4516,0,
4517,1,0.0
4518,0,
4519,1,
4520,0,1.0
4521,0,
4522,0,1.0
4523,1,0.0
4524,0,
4525,0,1.0
4526,1,
4527,1,0.0
4528,0,1.0
4529,1,0.0
4530,0,
4531,0,1.0
4532,1,0.0
4533,1,0.0
4534,0,
4535,0,
4536,0,
4537,0,1.0
4538,0,
4539,0,1.0
4540,1,0.0
4541,0,
4542,1,0.0
4543,0,
4544,0,1.0
4545,1,0.0
4546,0,
4547,0,1.0
4548,1,
4549,0,
4550,1,0.0
4551,0,
4552,1,0.0
4553,1,0.0
4554,1,
4555,1,
4556,0,
4557,0,
4558,0,
4559,0,1.0
4560,0,
4561,1,0.0
4562,0,
4563,0,
4564,0,
4565,1,0.0
4566,1,
4567,1,
4568,0,
4569,0,
4570,0,
4571,0,
4572,1,
4573,0,
4574,1,
4575,1,0.0
4576,1,0.0
4577,0,
4578,1,
4579,1,
4580,0,1.0
4581,0,
4582,1,
4583,0,
4584,0,
4585,1,
4586,1,
4587,1,0.0
4588,0,
4589,1,0.0
4590,0,
4591,0,1.0
4592,0,1.0
4593,0,
4594,1,
4595,0,
4596,0,
4597,1,0.0
4598,1,
4599,0,
4600,0,
4601,1,
4602,0,
4603,1,0.0
4604,1,0.0
4605,0,
4606,0,
4607,0,1.0
4608,1,
4609,0,
4610,1,0.0
4611,0,
4612,1,
4613,0,
4614,0,
4615,0,
4616,1,0.0
4617,0,
4618,1,
4619,1,
4620,0,
4621,1,0.0
4622,1,0.0
4623,0,
4624,1,
4625,0,
4626,0,1.0
4627,0,
4628,0,
4630,0,
4631,1,0.0
4632,1,
4633,0,
4634,0,
4635,0,1.0
4636,0,
4637,0,
4639,0,1.0
4640,1,
4641,1,0.0
4642,0,
4643,1,
4644,0,1.0
4645,1,
4646,1,
4647,0,1.0
4648,0,1.0
4649,0,1.0
4650,0,
4651,1,
4652,1,0.0
4653,0,
4654,1,
4655,0,1.0
4656,0,
4657,0,
4658,1,
4659,0,
4660,1,
4661,0,1.0
4662,1,0.0
4663,0,
4664,0,
4665,0,
4666,0,
4667,0,
4668,1,
4669,0,
4670,1,0.0
4671,1,
4672,0,
4673,0,
4674,1,
4675,0,
4676,1,
4677,0,
4678,1,
4679,0,
4680,1,
4681,1,0.0
4682,0,
4683,0,1.0
4684,0,1.0
4685,0,
4686,0,
4687,0,
4688,1,
4690,1,
4691,0,
4692,0,
4693,0,
4694,0,1.0
4696,1,0.0
4697,1,0.0
4698,1,0.0
4699,0,
4700,0,1.0
4701,0,1.0
4702,0,1.0
4703,0,
4704,0,
4705,1,0.0
4706,0,
4707,1,
4708,0,
4709,1,
4711,1,
4712,0,
4713,0,1.0
4714,0,
4715,0,
4716,0,1.0
4717,1,
4718,0,
4719,0,
4720,0,
4721,0,1.0
4722,0,1.0
4723,0,
4724,0,
4725,0,
4726,0,
4727,0,
4728,0,
4729,0,
4730,0,
4731,0,
4732,1,0.0
4733,0,
4734,0,
4735,0,
4736,0,
4738,0,
4739,0,1.0
4740,0,
4741,0,
4742,0,
4743,1,0.0
4744,0,
4745,0,
4746,1,
4747,1,
4748,0,
4749,0,
4750,0,
4751,1,0.0
4752,0,1.0
4753,1,
4754,0,
4755,1,
4756,1,
4757,0,
4758,0,
4759,0,
4760,0,
4761,1,0.0
4762,0,
4763,1,
4764,1,0.0
4765,1,0.0
4766,1,
4767,0,
4768,1,0.0
4769,0,
4770,1,
4771,0,
4772,0,
4774,0,1.0
4775,0,
4776,1,0.0
4777,1,
4778,1,0.0
4779,0,
4780,1,0.0
4781,0,1.0
4782,0,1.0
4783,0,
4784,0,
4785,1,
4786,0,
4787,0,
4788,0,1.0
4789,0,1.0
4790,1,
4791,1,0.0
4792,1,
4793,0,
4794,1,0.0
4795,0,
4797,0,
4798,0,
4799,1,
4800,1,0.0
4801,0,1.0
4802,0,
4803,0,
4804,0,1.0
4805,0,
4806,1,
4807,1,0.0
4808,0,
4809,0,
4810,0,
4811,1,0.0
4812,0,
4813,0,
4814,0,
4815,0,
4816,0,
4817,0,
4818,1,
4819,0,1.0
4820,0,1.0
4821,0,
4822,1,
4823,1,
4824,0,
4826,0,
4827,0,
4828,0,
4829,0,
4830,1,0.0
4831,1,
4832,1,
4833,1,
4834,1,0.0
4835,0,
4836,1,
4837,0,1.0
4838,1,0.0
4839,0,
4840,1,0.0
4841,1,0.0
4842,0,1.0
4843,1,
4844,1,
4845,0,
4846,1,
4847,1,
4848,1,
4849,1,0.0
4850,0,1.0
4851,0,
4852,0,
4853,0,
4854,0,
4855,0,
4857,1,0.0
4858,0,
4859,0,
4860,1,
4862,0,
4863,0,
4864,1,0.0
4865,0,
4866,0,
4867,1,
4868,0,
4869,0,
4870,0,1.0
4871,1,
4872,1,
4873,0,
4874,1,
4875,0,1.0
4876,0,
4877,1,
4878,1,0.0
4879,0,
4880,0,
4881,0,
4882,0,
4883,0,
4884,1,
4885,0,
4886,1,
4887,1,0.0
4888,0,
4889,1,
4890,1,0.0
4891,0,
4892,0,
4893,0,
4894,0,
4895,0,
4896,1,0.0
4897,0,
4898,0,
4899,0,
4900,0,
4901,0,
4902,0,
4903,1,0.0
4905,1,0.0
4906,0,1.0
4907,1,
4908,1,
4909,0,
4910,0,
4911,0,
4912,1,
4913,0,
4914,1,
4915,0,
4916,0,
4917,1,0.0
4918,1,
4919,1,
4920,1,
4921,1,
4922,1,
4923,1,
4924,1,
4925,0,1.0
4926,0,
4927,1,
4928,1,
4929,0,
4930,0,
4931,1,
4932,0,
4934,0,
4935,0,
4936,1,
4937,0,
4938,0,
4939,0,
4941,1,
4942,1,
4943,0,
4944,0,
4945,1,
4946,1,
4947,1,
4948,1,
4949,0,1.0
4950,1,0.0
4951,0,
4952,1,
4953,0,
4954,1,
4955,1,
4956,1,
4957,1,
4958,1,0.0
4959,0,1.0
4960,0,
4961,1,
4962,0,
4963,0,1.0
4964,1,
4965,0,
4966,0,
4967,1,
4968,0,
4969,0,
4970,1,
4971,0,
4972,0,1.0
4973,1,
4974,0,
4975,1,0.0
4976,1,
4977,0,
4978,0,1.0
4979,1,
4980,1,
4981,1,
4982,1,
4983,1,
4984,0,
4985,0,1.0
4986,1,0.0
4987,1,
4988,0,
4989,0,
4990,0,
4991,1,
4992,0,
4993,1,
4994,1,
4995,0,
4996,0,
4997,1,
4998,1,
4999,1,
5000,0,
5001,1,
5002,1,
5003,1,0.0
5004,1,
5005,1,0.0
5006,0,
5007,1,0.0
5008,0,
5009,0,
5010,1,
5011,0,
5012,1,
5013,0,
5014,1,0.0
5015,0,
5016,0,
5018,1,
5019,1,
5020,1,0.0
5021,0,
5022,1,0.0
5023,0,
5024,0,
5025,1,
5026,0,
5027,1,
5028,1,
5029,1,
5030,1,
5031,1,0.0
5032,1,
5033,1,
5034,1,
5035,1,0.0
5036,1,0.0
5037,0,
5038,1,
5039,0,
5040,0,
5041,1,
5042,0,1.0
5043,0,
5044,1,0.0
5045,0,
5046,1,
5047,0,
5048,1,
5049,1,
5050,1,
5051,1,
5052,0,1.0
5053,0,
5054,0,
5055,0,
5056,0,
5057,1,
5058,1,0.0
5059,0,
5060,0,
5061,1,
5062,0,
5063,0,
5064,1,0.0
5065,0,1.0
5066,0,
5067,1,0.0
5068,1,
5069,1,
5070,0,
5071,1,
5072,0,1.0
5073,1,
5074,1,
5075,1,
5076,1,0.0
5077,0,
5078,1,
5079,1,0.0
5080,1,0.0
5081,1,
5082,1,
5083,1,0.0
5084,1,
5085,0,
5086,0,
5087,0,
5088,1,
5089,1,0.0
5090,0,
5091,0,
5092,1,
5093,0,
5094,0,
5095,1,
5096,1,0.0
5097,0,
5098,0,
5099,0,
5100,0,1.0
5101,0,1.0
5102,0,
5103,0,
5104,1,
5105,1,
5107,0,
5108,0,1.0
5109,1,
5110,1,
5111,1,
5112,0,
5113,1,
5114,1,
5115,1,
5116,1,0.0
5117,0,
5118,1,
5119,1,
5120,1,0.0
5121,1,
5122,1,
5123,1,0.0
5124,1,
5125,1,
5126,1,
5127,1,
5128,1,
5129,1,
5130,0,
5131,1,
5132,1,
5133,1,
5134,0,
5135,0,
5136,1,
5137,0,
5138,0,1.0
5139,1,
5140,0,1.0
5141,1,0.0
5142,0,
5143,0,
5144,0,
5145,0,
5146,0,
5147,0,
5148,0,
5149,0,
5150,1,
5151,1,
5152,0,
5153,1,
5154,0,
5155,0,1.0
5156,0,
5157,1,
5158,0,
5159,0,
5160,0,
5161,0,
5162,0,
5163,0,
5164,1,0.0
5165,1,
5166,1,
5167,1,0.0
5168,1,
5169,0,
5170,0,
5171,1,0.0
5172,1,
5173,1,
5174,0,
5175,1,0.0
5176,0,
5177,0,
5178,1,0.0
5179,0,
5180,1,
5181,0,
5182,0,
5183,0,
5184,0,
5185,0,
5186,1,
5187,1,
5188,0,
5189,1,
5190,1,
5191,1,
5193,0,
5194,1,
5195,0,
5196,1,
5197,0,
5198,1,
5199,1,
5200,0,
5201,0,1.0
5202,1,
5203,1,0.0
5204,1,
5205,0,
5206,1,
5207,1,
5208,0,
5209,0,
5210,1,
5211,0,
5212,1,
5213,1,
5214,0,
5215,1,
5216,0,1.0
5217,0,
5218,1,0.0
5219,0,
5220,1,
5221,1,
5222,1,0.0
5223,0,
5224,0,
5225,0,1.0
5226,1,
5227,1,
5228,0,
5229,0,
5230,0,
5231,1,
5232,0,1.0
5233,1,
5234,1,0.0
5235,1,0.0
5236,1,
5237,1,0.0
5238,1,
5239,1,0.0
5240,1,
5241,1,0.0
5242,1,0.0
5243,1,
5244,0,
5245,1,
5246,1,
5248,0,
5249,1,0.0
5250,1,
5251,0,1.0
5252,1,0.0
5253,1,
5254,0,
5255,0,
5257,0,
5258,0,
5259,0,
5260,1,
5261,0,
5262,1,
5264,0,
5265,0,1.0
5266,0,
5267,1,
5268,1,
5269,1,
5270,1,
5271,1,0.0
5272,0,
5273,0,
5274,0,
5275,0,
5276,1,
5277,1,
5278,1,0.0
5279,0,
5280,1,
5281,1,
5282,1,
5283,1,
5284,1,
5286,0,1.0
5287,0,
5288,0,
5289,0,
5290,1,
5291,0,
5292,0,
5293,1,
5294,0,
5295,0,1.0
5296,0,
5297,1,
5298,0,
5299,1,0.0
5300,0,
5301,1,
5302,0,
5303,1,
5304,0,
5305,0,1.0
5306,1,0.0
5307,0,
5308,0,
5309,0,
5310,0,1.0
5312,1,0.0
5313,1,
5314,1,
5316,1,
5317,0,
5318,1,
5319,0,
5320,1,0.0
5321,1,0.0
5322,1,
5323,0,
5324,0,
5325,0,
5326,0,1.0
5327,1,0.0
5328,0,
5329,1,
5331,0,
5332,1,0.0
5333,1,
5334,1,
5335,0,
5336,1,0.0
5337,0,
5338,1,0.0
5339,1,
5340,1,0.0
5341,0,
5342,0,
5343,0,
5344,0,
5345,1,
5346,1,0.0
5347,1,
5348,1,
5349,1,
5350,0,
5351,0,
5352,0,
5353,1,
5354,0,1.0
5355,1,
5356,0,
5357,1,
5358,1,
5359,1,
5361,0,
5362,1,
5363,0,
5364,1,
5365,1,
5366,0,
5367,0,
5368,1,
5369,0,
5370,0,
5371,0,
5372,1,
5373,1,0.0
5374,1,
5375,1,
5376,0,1.0
5377,0,
5378,0,
5379,1,
5380,0,
5381,0,
5382,1,0.0
5383,1,0.0
5384,0,
5385,1,
5386,1,
5387,0,
5388,0,
5389,0,
5390,0,
5391,1,0.0
5392,0,
5393,0,
5394,1,
5395,0,
5396,1,
5397,1,
5398,1,
5399,0,
5400,1,
5401,1,0.0
5402,0,1.0
5403,0,
5404,0,
5405,1,
5406,1,0.0
5407,0,
5408,1,
5409,1,
5410,1,
5411,0,
5412,1,
5413,1,
5414,0,
5415,0,
5416,1,
5417,0,
5418,0,
5419,1,
5420,1,0.0
5421,1,0.0
5422,0,
5423,1,0.0
5424,1,
5425,0,1.0
5426,0,1.0
5427,0,
5428,1,
5429,0,
5430,0,1.0
5431,0,
5432,1,0.0
5433,0,
5434,1,
5435,0,
5436,0,
5437,0,
5438,1,
5439,1,
5440,1,0.0
5441,0,
5442,1,
5443,1,
5444,0,
5445,0,
5446,1,0.0
5447,1,
5448,0,1.0
5449,0,
5450,1,
5451,0,1.0
5452,1,
5453,0,
5454,0,1.0
5455,0,1.0
5456,0,
5457,0,1.0
5458,1,
5459,0,
5460,0,
5461,0,
5462,0,
5463,1,
5464,0,
5465,0,1.0
5466,0,
5467,1,
5468,0,
5469,0,1.0
5470,1,
5471,1,
5472,1,
5473,0,
5474,0,
5475,1,0.0
5476,0,1.0
5477,1,
5478,1,0.0
5479,0,
5480,0,
5481,1,0.0
5482,0,
5483,1,
5484,1,
5485,1,
5486,0,1.0
5487,1,
5488,0,1.0
5489,1,0.0
5490,0,
5491,0,
5492,0,
5493,0,1.0
5494,0,
5495,0,
5496,1,
5497,1,
5498,0,
5499,1,
5500,1,
5501,0,
5502,0,1.0
5503,1,
5504,0,
5505,0,
5506,1,
5507,0,
5509,1,
5510,1,
5511,0,
5512,0,
5513,0,
5514,1,
5515,1,0.0
5516,1,
5517,1,
5518,1,
5519,1,
5520,1,
5523,1,0.0
5524,0,
5525,0,
5527,0,
5528,1,0.0
5529,1,0.0
5531,1,
5532,0,
5533,1,0.0
5535,0,
5536,0,1.0
5537,1,0.0
5538,1,
5539,1,
5540,0,
5541,1,
5542,1,
5543,0,
5544,1,0.0
5545,1,
5546,0,1.0
5547,1,0.0
5548,1,
5549,0,
5550,0,1.0
5551,0,
5552,0,
5553,1,
5554,1,0.0
5555,0,1.0
5556,0,
5557,0,
5558,0,
5560,1,
5561,1,0.0
5562,0,
5563,0,
5564,1,
5565,1,0.0
5566,0,
5567,1,0.0
5568,0,1.0
5569,0,
5570,0,
5571,1,
5572,0,
5573,1,
5574,0,1.0
5575,1,
5576,1,0.0
5577,0,
5578,1,0.0
5579,1,
5580,1,
5581,1,0.0
5582,1,
5583,0,
5584,0,
5585,1,
5586,1,
5587,0,
5588,0,1.0
5589,0,
5590,1,
5591,1,0.0
5592,1,
5593,1,
5595,0,
5596,1,0.0
5597,1,
5598,0,
5599,1,
5600,0,
5601,1,
5602,1,
5603,0,
5604,1,0.0
5605,1,
5606,1,
5607,0,1.0
5608,1,
5609,0,
5610,0,
5611,0,
5612,1,0.0
5613,1,
5614,1,0.0
5615,1,0.0
5616,1,
5617,1,
5618,1,
5619,1,
5620,1,
5621,1,
5622,1,
5623,1,0.0
5624,0,
5626,1,
5627,0,
5628,0,
5629,1,0.0
5630,1,
5631,0,1.0
5632,0,
5633,1,0.0
5634,0,
5635,0,
5636,1,0.0
5637,1,
5638,1,
5639,1,
5640,0,
5641,1,
5642,1,0.0
5643,0,
5644,1,
5645,0,
5646,0,
5647,0,
5648,1,
5649,1,
5650,1,
5651,0,
5652,1,
5653,1,
5654,1,
5655,0,
5656,0,
5657,1,
5658,0,
5659,0,
5660,0,
5661,1,
5662,1,
5663,0,
5664,1,
5665,1,
5666,0,
5667,1,0.0
5668,0,
5669,0,
5670,1,
5671,1,
5672,0,
5673,0,1.0
5674,0,
5675,1,
5676,1,
5677,0,
5678,0,
5679,1,0.0
5680,1,
5681,0,
5682,0,
5683,0,1.0
5684,0,
5685,1,
5686,1,0.0
5687,1,
5688,1,
5689,0,
5690,0,
5691,0,1.0
5692,1,
5693,1,0.0
5694,1,
5695,1,
5696,1,
5697,1,
5698,0,
5699,1,
5700,1,
5701,0,1.0
5702,1,
5703,0,
5704,0,
5705,0,
5706,0,
5707,0,1.0
5708,0,
5709,0,
5710,0,
5711,0,
5712,1,0.0
5713,1,
5714,0,
5715,0,
5716,1,
5718,0,
5719,1,
5720,0,
5721,0,
5722,0,
5723,0,1.0
5724,1,0.0
5725,0,
5726,1,
5727,0,
5728,1,
5729,0,
5730,0,1.0
5731,0,
5732,0,
5733,1,
5734,1,
5735,0,
5736,0,
5737,1,0.0
5738,1,
5739,0,
5740,1,
5741,1,
5742,1,
5743,0,1.0
5744,0,
5745,0,
5746,0,
5747,0,
5748,0,
5749,1,
5750,1,0.0
5751,1,
5752,1,
5753,0,
5754,1,
5755,1,0.0
5756,1,
5757,1,
5758,0,
5759,1,
5760,1,
5761,0,1.0
5762,0,1.0
5763,1,0.0
5764,0,
5765,0,1.0
5766,0,
5767,1,
5768,0,
5769,0,
5770,0,
5771,0,1.0
5772,0,
5773,1,
5774,0,
5775,0,1.0
5776,0,
5777,1,0.0
5778,1,
5779,0,
5780,0,
5781,1,
5782,1,0.0
5783,0,
5784,1,
5785,0,
5786,1,
5787,1,
5788,0,
5789,1,0.0
5790,1,
5791,0,
5792,0,
5793,1,0.0
5794,1,
5795,1,
5796,0,
5797,0,
5798,0,1.0
5799,1,0.0
5800,1,0.0
5801,1,
5802,1,
5803,0,
5804,1,
5805,0,
5806,1,
5807,0,1.0
5808,1,
5809,1,
5810,1,
5811,1,0.0
5812,0,1.0
5813,1,
5814,0,
5815,0,
5816,0,1.0
5817,1,
5818,0,
5819,0,1.0
5820,0,1.0
5821,0,
5822,1,
5823,0,
5824,0,
5825,1,
5826,1,
5827,1,
5828,1,
5829,0,
5830,0,
5831,1,
5832,1,
5833,0,
5834,1,
5835,0,
5836,0,
5837,1,
5838,1,
5839,1,
5840,1,
5841,0,
5842,0,
5843,0,
5844,0,
5845,0,
5846,1,
5847,0,
5848,0,
5849,0,1.0
5850,1,
5851,0,
5852,1,
5853,0,
5854,0,
5855,0,
5857,0,1.0
5858,0,
5859,0,
5860,0,
5861,0,
5862,0,1.0
5863,0,
5864,1,0.0
5865,0,1.0
5867,0,
5868,0,
5869,1,
5870,0,
5871,1,
5872,1,
5873,0,
5874,1,
5875,1,
5876,0,
5877,1,
5878,0,1.0
5879,1,
5880,0,
5881,0,
5882,1,
5883,0,
5884,0,
5885,1,0.0
5886,1,
5887,0,1.0
5888,0,
5889,1,
5890,0,
5891,0,
5892,0,1.0
5893,1,0.0
5894,1,
5895,1,0.0
5896,0,
5897,0,1.0
5898,0,1.0
5899,1,
5900,0,
5901,1,
5902,0,
5903,0,
5904,0,
5905,0,
5906,0,1.0
5907,0,
5908,1,
5909,1,
5910,1,0.0
5911,1,
5912,0,
5913,0,1.0
5914,1,
5915,1,
5916,1,
5917,1,
5918,0,
5919,0,
5920,0,
5921,1,
5922,0,
5923,1,
5924,0,
5925,1,
5926,0,
5927,1,
5928,1,0.0
5929,0,
5930,1,
5931,1,0.0
5932,0,
5933,0,
5934,1,
5935,1,
5936,1,0.0
5937,0,1.0
5938,1,0.0
5939,1,
5940,0,
5941,0,
5942,0,
5943,0,
5944,1,
5945,0,
5946,1,0.0
5947,0,
5948,1,
5949,0,
5950,0,
5951,0,
5952,1,
5953,0,1.0
5954,0,
5955,0,
5956,1,
5957,1,0.0
5958,0,
5959,1,
5960,0,
5961,1,
5962,0,
5963,0,
5964,0,1.0
5965,1,
5966,0,
5967,1,
5968,0,
5969,0,
5970,1,
5971,0,
5972,0,
5973,1,
5974,1,
5976,0,1.0
5977,1,
5978,1,
5979,1,
5980,0,
5981,1,
5982,0,1.0
5983,0,
5984,0,
5985,0,
5986,1,
5987,1,
5988,1,0.0
5989,0,
5990,0,
5991,1,
5992,0,
5993,0,
5994,0,
5995,1,
5996,0,
5997,0,1.0
5998,1,
5999,0,1.0
6000,1,
6001,0,
6002,0,1.0
6003,1,
6004,1,
6005,1,
6006,0,
6007,0,
6008,1,
6009,0,
6010,0,
6011,1,0.0
6012,1,
6013,1,
6014,0,
6015,0,
6016,1,0.0
6018,0,
6019,0,
6020,1,
6021,0,
6022,1,
6023,1,
6024,0,
6025,1,0.0
6026,1,
6027,1,
6028,0,1.0
6029,1,
6030,0,
6031,0,1.0
6032,1,
6033,0,
6034,0,
6035,1,
6036,1,
6037,0,
6038,1,
6039,0,
6040,1,0.0
6041,1,
6042,1,
6043,1,
6044,1,
6045,0,
6046,0,
6047,0,
6048,1,0.0
6049,1,0.0
6050,1,
6051,1,
6052,0,1.0
6053,1,0.0
6054,1,
6055,0,
6056,1,0.0
6057,1,0.0
6058,1,
6059,0,
6060,1,
6061,0,
6062,0,
6063,0,1.0
6064,1,
6065,0,
6066,0,
6067,0,1.0
6068,0,
6069,1,0.0
6070,1,0.0
6071,1,
6072,1,
6073,0,1.0
6074,0,
6075,1,
6076,1,0.0
6077,0,
6078,0,
6079,1,
6080,0,
6081,1,
6082,1,
6083,0,1.0
6084,1,
6085,1,
6086,0,
6087,1,
6089,0,1.0
6090,0,
6091,0,1.0
6092,1,
6093,0,
6094,1,0.0
6095,1,0.0
6096,1,
6097,1,
6098,1,0.0
6099,1,0.0
6100,0,
6101,1,
6102,0,1.0
6103,1,
6104,0,
6105,0,
6106,1,0.0
6107,0,1.0
6108,1,
6109,1,0.0
6110,0,
6111,1,
6112,1,
6113,1,
6114,0,
6115,1,
6116,0,
6117,1,0.0
6118,1,
6119,0,1.0
6120,0,1.0
6121,1,
6122,1,
6123,0,
6124,0,
6125,0,
6126,0,
6127,1,
6128,0,
6129,1,
6130,0,
6131,1,0.0
6132,0,1.0
6133,1,
6134,1,0.0
6135,1,0.0
6136,1,0.0
6137,1,
6138,0,
6139,0,
6140,1,
6141,0,
6142,0,
6143,0,
6144,0,
6145,0,
6146,1,
6147,0,
6148,0,
6149,0,
6150,1,
6151,1,
6152,1,
6153,0,
6154,0,
6155,0,1.0
6157,0,
6158,1,
6159,1,0.0
6160,1,
6161,0,
6162,1,0.0
6163,0,1.0
6164,0,
6165,1,
6166,1,
6167,0,
6168,1,
6169,1,0.0
6170,0,
6171,0,
6172,0,
6173,1,0.0
6174,1,
6175,1,
6176,1,
6177,0,
6178,1,0.0
6179,1,
6180,0,
6181,1,0.0
6182,0,
6183,1,
6184,1,0.0
6185,1,
6186,0,
6187,1,
6188,0,
6189,1,0.0
6190,0,
6191,1,
6192,0,
6193,0,
6194,1,
6195,1,
6196,0,
6197,0,
6198,1,0.0
6199,0,
6200,1,
6201,0,
6202,1,
6203,0,1.0
6204,1,0.0
6205,1,0.0
6206,0,
6207,0,
6208,1,
6209,1,
6210,0,
6211,1,
6212,1,0.0
6213,0,
6214,1,
6215,1,
6216,1,0.0
6217,1,
6218,1,0.0
6219,0,
6220,1,
6221,0,
6222,1,
6223,1,
6224,0,
6225,0,
6226,1,0.0
6227,0,
6228,0,1.0
6229,0,
6230,0,
6231,1,
6232,0,
6233,0,
6234,0,
6235,0,
6236,1,
6237,0,
6238,1,0.0
6239,1,
6240,0,
6241,0,
6242,0,
6243,1,
6244,1,
6245,0,
6246,0,
6247,0,
6248,0,
6249,0,
6250,1,0.0
6251,1,
6252,0,
6253,1,
6254,0,
6255,0,
6256,1,0.0
6257,1,
6258,1,
6259,0,
6260,0,1.0
6261,1,0.0
6262,1,
6263,0,
6264,0,
6265,1,
6266,0,1.0
6267,1,0.0
6268,0,
6269,0,
6270,0,
6271,1,
6272,0,
6273,1,
6274,1,
6276,0,1.0
6277,0,1.0
6278,1,0.0
6279,1,0.0
6280,0,
6281,0,
6282,0,
6283,0,
6284,1,
6285,1,0.0
6286,0,
6287,0,
6288,0,
6289,1,
6290,1,
6291,1,
6292,1,
6293,1,
6294,1,
6295,0,
6296,1,
6297,1,
6298,0,
6299,0,
6300,0,
6301,0,
6302,1,
6303,0,
6304,0,
6305,0,1.0
6306,0,
6307,0,1.0
6308,1,0.0
6309,1,
6310,0,
6311,1,
6312,1,
6313,0,
6314,0,
6315,0,
6316,1,
6317,1,
6318,0,
6319,0,
6320,1,
6321,0,1.0
6322,0,1.0
6323,0,
6324,1,0.0
6325,0,
6326,1,
6327,1,
6328,0,
6329,1,
6331,0,
6332,0,
6333,0,
6334,0,
6335,1,0.0
6336,1,
6337,0,
6338,0,1.0
6339,0,1.0
6340,0,
6341,1,
6342,0,
6343,1,
6344,1,
6345,0,1.0
6346,1,0.0
6347,0,
6348,0,
6349,1,
6350,1,
6351,0,
6352,0,1.0
6353,0,
6354,0,
6355,0,
6356,1,0.0
6357,0,1.0
6358,1,0.0
6359,1,
6360,0,
6361,0,
6362,0,
6363,0,
6364,1,
6365,1,
6366,1,
6367,1,
6368,0,
6369,1,
6370,1,
6371,1,
6372,1,
6373,0,
6374,1,
6375,0,1.0
6376,1,
6377,0,
6378,0,1.0
6379,0,
6380,0,
6381,1,
6382,1,0.0
6383,0,
6384,0,1.0
6385,1,0.0
6386,0,
6387,1,
6388,0,1.0
6389,1,
6390,0,
6391,0,
6392,1,
6393,0,
6394,1,
6395,0,
6396,1,
6397,0,
6398,0,1.0
6399,0,
6400,0,1.0
6401,1,
6402,0,
6404,0,1.0
6405,0,
6406,0,1.0
6407,0,1.0
6408,1,
6409,1,
6410,0,1.0
6411,1,
6412,1,
6413,0,
6414,1,0.0
6415,0,
6416,0,
6417,0,
6418,1,
6419,1,0.0
6420,1,
6421,0,
6422,1,
6423,0,
6424,1,
6425,0,
6426,1,
6427,0,
6428,1,
6429,0,
6430,1,
6431,1,
6432,0,
6433,1,
6434,0,
6435,1,
6436,0,
6437,0,
6438,1,
6439,0,
6440,0,
6441,1,
6442,0,1.0
6443,0,
6444,0,
6445,0,
6446,1,
6447,0,
6448,1,
6449,0,
6450,0,1.0
6451,0,
6452,1,
6453,1,0.0
6454,1,
6455,1,
6456,1,
6457,0,
6459,0,
6460,0,
6461,0,
6462,0,1.0
6463,0,
6464,1,
6465,0,
6466,0,
6467,0,
6468,0,
6469,1,
6470,1,
6471,0,
6472,1,0.0
6473,0,
6474,0,
6475,1,0.0
6476,1,
6477,0,
6478,1,
6479,0,
6480,1,
6481,0,
6482,1,
6483,1,
6484,0,
6485,0,
6486,1,
6487,0,1.0
6488,0,1.0
6489,1,
6490,1,
6491,1,
6492,1,
6493,1,
6494,0,
6495,0,1.0
6496,0,
6497,0,1.0
6498,1,0.0
6499,0,1.0
6500,0,1.0
6501,1,
6502,1,
6503,1,
6504,1,
6505,1,
6506,1,0.0
6507,1,
6508,1,
6509,1,0.0
6510,1,
6511,1,
6512,0,
6513,0,
6514,1,0.0
6515,0,
6516,0,
6517,1,0.0
6518,1,
6519,1,
6520,1,
6521,1,
6522,0,
6523,0,
6524,1,0.0
6525,1,0.0
6526,1,
6527,1,
6528,1,
6529,1,
6530,1,
6531,1,0.0
6532,1,
6533,1,0.0
6534,1,
6535,0,
6536,0,
6537,0,1.0
6538,0,1.0
6539,1,
6540,1,
6541,0,
6542,1,0.0
6543,1,
6544,1,
6545,0,
6546,0,
6547,0,
6548,0,
6549,0,
6550,0,
6551,1,0.0
6552,0,1.0
6553,1,
6554,1,0.0
6555,0,1.0
6556,1,
6557,1,0.0
6558,1,0.0
6559,1,
6560,0,
6561,0,
6562,0,1.0
6563,0,
6564,0,
6565,1,
6566,1,0.0
6567,1,0.0
6568,1,0.0
6569,0,
6570,0,
6571,0,
6572,1,
6573,0,
6574,1,0.0
6575,1,
6576,1,
6577,1,
6578,0,
6579,1,0.0
6580,0,
6581,0,
6582,1,
6583,1,
6584,1,
6585,0,1.0
6586,0,
6587,1,
6588,1,
6589,0,
6590,0,
6591,0,
6592,0,
6593,0,
6594,0,
6595,1,
6596,1,
6597,0,
6598,1,
6599,1,0.0
6600,0,1.0
6601,0,
6602,1,0.0
6603,0,
6604,0,
6605,1,0.0
6606,1,
6607,0,
6608,0,
6609,1,
6610,1,
6611,1,
6612,1,
6613,0,
6614,1,0.0
6615,1,
6616,0,
6617,0,1.0
6618,1,
6619,1,
6620,0,
6621,0,
6622,0,
6623,0,
6624,1,
6625,1,
6626,0,
6627,0,
6628,1,
6629,1,
6630,1,
6631,0,
6632,0,
6633,1,
6634,0,
6635,1,
6636,1,0.0
6637,1,
6638,0,
6639,0,
6640,0,
6641,1,
6642,1,0.0
6643,1,
6644,1,
6645,0,
6646,0,
6647,1,
6648,1,
6649,0,
6650,0,
6651,0,1.0
6652,1,
6653,0,
6654,1,
6655,1,
6656,1,
6657,0,
6658,0,
6659,1,
6660,0,
6661,0,
6662,0,
6663,0,
6664,0,
6665,1,0.0
6667,1,
6668,0,1.0
6669,1,
6670,0,1.0
6671,1,
6672,0,
6673,1,
6674,1,0.0
6675,1,
6676,0,
6677,0,1.0
6678,1,
6679,1,
6680,0,
6681,0,
6682,1,
6683,1,
6684,1,
6685,1,
6686,0,1.0
6687,0,
6688,1,
6689,1,
6690,1,
6691,0,
6692,0,
6693,1,
6694,1,0.0
6695,1,0.0
6696,0,1.0
6697,0,
6698,1,
6699,1,0.0
6700,1,0.0
6701,1,
6702,1,0.0
6703,0,
6704,0,
6705,1,0.0
6706,1,
6707,1,
6708,1,
6709,1,0.0
6710,1,0.0
6711,1,0.0
6712,0,
6713,1,
6714,0,
6715,0,
6716,0,
6717,1,
6718,1,
6720,1,0.0
6721,1,
6722,1,0.0
6723,1,
6724,0,1.0
6725,0,
6726,0,
6727,0,
6728,1,0.0
6729,0,1.0
6730,1,
6732,1,
6733,1,
6734,1,
6735,1,
6736,0,
6737,1,
6738,1,
6739,1,0.0
6740,0,
6741,1,
6742,1,
6743,1,
6744,1,
6745,0,
6746,1,0.0
6747,1,
6748,1,0.0
6749,0,
6750,0,
6751,0,
6752,1,
6753,1,
6754,0,
6755,0,1.0
6756,0,
6757,0,1.0
6758,1,0.0
6759,0,1.0
6760,1,0.0
6761,1,
6762,1,0.0
6763,1,0.0
6764,1,
6765,1,
6766,1,
6767,1,
6768,0,
6769,1,0.0
6770,1,
6771,0,1.0
6772,1,
6773,0,
6774,1,0.0
6775,1,0.0
6776,1,0.0
6777,1,
6778,1,
6779,1,
6780,0,
6781,1,
6782,0,1.0
6783,0,
6784,1,
6785,1,
6786,1,
6787,0,
6788,1,0.0
6789,0,
6790,1,
6791,1,
6792,1,
6793,1,0.0
6794,1,
6795,1,
6796,1,
6797,1,
6798,1,0.0
6799,1,
6800,0,
6801,1,
6802,0,
6803,1,
6804,0,
6805,0,
6806,1,
6807,1,0.0
6808,1,
6809,0,
6810,0,
6811,1,
6812,1,
6813,1,
6814,1,
6815,0,
6816,1,0.0
6817,1,0.0
6818,1,
6819,1,
6820,0,
6821,0,
6822,1,
6823,0,1.0
6824,1,
6825,1,
6826,0,1.0
6827,1,
6828,1,
6829,1,0.0
6830,1,
6831,0,
6832,1,
6833,1,
6834,0,
6835,0,
6836,1,
6837,1,
6838,0,1.0
6839,0,
6840,1,
6841,1,0.0
6842,1,
6843,0,
6844,0,
6845,1,
6846,0,1.0
6847,1,
6848,1,0.0
6849,0,
6850,1,0.0
6851,0,
6852,0,1.0
6853,1,0.0
6854,0,1.0
6855,1,
6856,1,
6857,1,0.0
6858,1,
6859,0,1.0
6860,1,0.0
6861,0,
6862,1,
6863,0,
6864,1,0.0
6865,0,
6866,0,
6867,0,
6868,0,
6869,0,1.0
6870,1,0.0
6871,1,
6872,0,
6873,0,1.0
6874,1,0.0
6875,1,
6876,0,
6877,0,
6878,1,
6880,1,
6881,1,0.0
6882,0,
6883,1,
6884,1,
6885,1,
6886,1,
6887,1,
6888,1,
6889,1,
6890,1,
6891,1,
6892,1,
6893,0,
6894,1,
6895,1,
6896,1,
6897,1,
6898,0,
6899,1,0.0
6900,1,0.0
6901,0,
6902,1,
6903,1,
6904,0,
6905,1,0.0
6906,0,
6907,0,
6908,1,0.0
6909,1,0.0
6910,1,
6911,1,
6912,0,
6913,1,
6914,1,
6915,1,
6916,0,
6917,0,
6919,0,
6920,0,
6921,0,
6922,1,
6923,0,
6924,1,0.0
6925,0,
6926,0,
6927,1,
6928,1,
6929,1,
6930,1,
6931,1,
6932,1,
6933,0,
6934,0,
6935,1,
6936,1,
6937,1,
6938,1,
6939,1,0.0
6940,0,1.0
6941,1,
6943,0,
6944,0,
6945,1,
6946,1,
6947,1,0.0
6948,1,0.0
6949,0,
6950,1,0.0
6951,0,1.0
6952,0,
6953,1,0.0
6954,0,
6955,1,
6956,1,
6957,1,
6958,1,
6959,1,
6960,1,
6961,0,
6962,0,
6963,1,0.0
6964,1,
6965,1,
6966,1,
6967,1,
6968,0,
6969,1,
6970,0,
6971,1,
6972,1,0.0
6973,1,
6974,1,
6975,0,
6976,0,
6977,1,
6978,1,0.0
6979,0,1.0
6980,1,
6981,0,
6982,1,
6983,1,
6984,1,
6985,1,0.0
6986,0,
6987,1,
6988,1,
6989,1,
6990,0,
6991,0,
6992,0,1.0
6993,1,
6994,0,
6995,0,1.0
6996,0,1.0
6997,1,0.0
6998,1,0.0
6999,1,
7000,0,
7001,1,0.0
7002,1,
7003,1,
7004,1,
7005,1,
7006,1,
7007,1,
7008,0,
7009,1,
7010,0,1.0
7011,0,
7012,0,
7013,0,
7014,0,
7015,1,
7016,1,
7017,1,0.0
7018,1,
7019,1,
7021,1,0.0
7022,1,
7023,1,
7024,1,
7025,0,
7026,1,
7027,1,
7028,1,0.0
7029,0,
7030,0,
7031,1,
7032,1,
7033,0,
7034,0,
7035,0,
7036,0,1.0
7038,1,
7039,1,
7040,1,
7041,1,0.0
7042,1,
7043,0,1.0
7044,1,
7045,0,
7046,1,
7047,1,
7048,1,
7049,1,
7050,0,
7051,1,0.0
7052,1,
7053,0,
7054,1,
7055,0,1.0
7056,1,
7057,1,
7058,1,
7059,0,
7060,0,
7061,1,
7062,1,0.0
7063,1,
7064,1,
7065,1,
7067,1,
7068,1,
7069,1,
7070,0,1.0
7071,1,
7072,0,
7073,1,
7074,1,0.0
7075,0,
7076,1,
7077,1,
7078,1,
7079,1,
7080,1,
7081,1,
7082,1,
7083,1,
7085,1,0.0
7086,1,
7087,0,
7088,0,
7089,0,
7090,0,1.0
7091,1,
7092,1,
7093,1,
7094,1,
7095,1,0.0
7096,0,
7097,1,
7098,1,
7099,1,
7100,1,
7101,1,
7102,1,
7103,1,
7104,0,
7105,0,1.0
7106,1,
7107,1,
7108,0,
7109,1,
7110,0,
7111,1,
7112,1,
7113,1,
7114,0,
7115,0,
7116,1,
7117,1,
7118,1,
7119,1,
7120,1,
7121,0,1.0
7122,1,
7123,0,
7124,1,
7125,1,
7126,0,
7127,1,
7128,0,
7129,1,
7130,0,
7131,1,
7132,1,
7133,1,
7134,1,
7135,1,
7136,1,
7137,1,
7138,1,
7139,1,
7140,1,
7141,0,1.0
7142,0,
7143,0,
7144,0,
7145,1,
7146,0,
7147,1,
7148,1,
7149,1,0.0
7150,1,
7151,1,
7152,1,
7153,1,
7154,1,0.0
7155,0,
7156,1,
7157,1,
7158,1,
7159,1,0.0
7160,1,
7161,1,
7162,1,
7163,1,
7164,1,
7165,1,
7166,0,
7167,1,
7168,1,
7169,1,0.0
7170,1,0.0
7171,1,
7172,1,
7173,1,
7174,1,
7175,0,
7176,1,
7177,1,
7178,1,
7179,0,
7180,1,
7181,1,
7182,0,
7183,1,
7184,1,
7185,0,
7186,1,
7187,0,
7188,1,
7189,1,
7190,1,
7191,1,
7193,0,
7194,0,
7195,0,1.0
7196,1,
7197,0,
7198,1,
7199,1,
7200,1,
7201,1,
7202,1,
7203,0,1.0
7204,0,
7205,0,
7206,0,
7207,0,1.0
7209,1,
7210,1,0.0
7211,1,
7212,0,
7213,0,
7214,1,
7215,1,0.0
7216,1,
7218,1,
7219,1,0.0
7220,1,
7221,1,
7222,1,
7223,1,
7224,1,0.0
7225,0,
7226,0,1.0
7227,1,
7228,1,
7229,0,
7230,0,
7231,1,0.0
7232,1,0.0
7233,1,
7234,0,1.0
7235,0,
7236,1,
7237,1,
7238,1,
7239,1,
7240,1,
7241,1,0.0
7242,1,
7243,1,
7244,0,
7245,0,
7246,0,
7247,1,0.0
7248,1,
7249,1,
7250,0,1.0
7251,1,
7252,0,
7253,0,
7254,1,0.0
7255,1,
7256,1,
7257,1,
7258,1,
7259,1,0.0
7260,1,
7261,0,
7262,1,
7263,1,
7264,0,1.0
7265,1,
7266,1,
7267,1,
7268,1,
7269,0,
7270,0,
7271,1,
7272,0,
7273,1,
7274,0,
7275,0,
7276,0,
7277,0,
7278,0,
7279,1,
7280,0,
7281,0,
7282,1,
7283,1,0.0
7284,0,
7285,0,
7286,0,
7287,1,
7288,0,
7289,1,
7290,0,
7291,1,
7292,1,
7293,1,
7294,0,
7295,0,1.0
7296,1,
7297,1,
7298,1,
7299,1,0.0
7300,1,0.0
7301,1,
7302,0,
7303,1,0.0
7304,1,
7305,1,
7306,0,1.0
7308,0,1.0
7309,0,
7310,0,
7311,1,0.0
7312,0,
7313,1,
7314,1,0.0
7315,0,
7316,0,
7317,0,
