,0,1,2
1,Write-In cells: 0,,
2,Overvote cells: 26,,
3,RIGEL ROBINSON: 0,,
4,AIDAN HILL: 1,,
5,CECILIA ''CES'' ROSALES: 2,,
6,0,1.0,2.0
7,2,,
8,0,,
9,0,,
10,1,0.0,2.0
11,1,,
12,0,,
13,2,1.0,0.0
14,0,2.0,1.0
15,0,2.0,1.0
16,2,0.0,1.0
17,2,0.0,1.0
18,2,1.0,0.0
19,0,2.0,
20,0,,
21,2,0.0,1.0
22,2,0.0,1.0
23,2,1.0,0.0
24,0,,
25,1,0.0,
26,0,1.0,2.0
27,0,2.0,
28,0,2.0,1.0
29,0,2.0,
30,0,2.0,1.0
31,0,2.0,1.0
32,0,2.0,1.0
33,0,2.0,1.0
34,1,2.0,0.0
35,0,2.0,1.0
36,2,1.0,0.0
37,2,,
38,2,,
39,2,,
40,0,,
41,0,2.0,1.0
42,2,0.0,
43,2,0.0,1.0
44,2,0.0,1.0
45,0,2.0,1.0
46,0,1.0,
47,0,,
48,0,1.0,
49,2,0.0,
50,1,0.0,2.0
51,2,0.0,1.0
52,0,2.0,1.0
53,0,2.0,1.0
54,2,0.0,1.0
56,0,2.0,1.0
57,0,1.0,2.0
58,0,2.0,1.0
59,2,0.0,1.0
60,0,2.0,1.0
61,0,2.0,1.0
62,2,0.0,1.0
63,0,,
64,0,2.0,1.0
65,0,2.0,1.0
66,2,1.0,0.0
67,0,,
68,2,0.0,
69,0,2.0,1.0
70,0,2.0,
71,2,0.0,
72,0,2.0,1.0
73,0,,
74,2,0.0,1.0
75,2,,
76,2,0.0,
77,0,,
78,0,2.0,
79,0,2.0,1.0
80,0,2.0,1.0
81,2,0.0,
82,0,2.0,
83,2,0.0,
84,2,,
85,2,,
86,2,,
87,2,0.0,1.0
88,2,0.0,1.0
89,2,0.0,1.0
90,0,,
91,2,0.0,
92,0,2.0,1.0
93,1,2.0,0.0
94,0,2.0,1.0
95,0,2.0,1.0
96,2,0.0,1.0
97,2,,
98,0,,
99,0,2.0,
100,2,0.0,1.0
101,0,1.0,2.0
102,0,2.0,1.0
103,0,1.0,2.0
104,2,0.0,
105,2,0.0,1.0
106,1,,
107,0,1.0,
108,2,,
109,2,0.0,1.0
110,0,2.0,1.0
111,1,0.0,2.0
112,2,,
113,2,,
114,2,1.0,0.0
115,0,2.0,1.0
116,0,1.0,
117,0,2.0,
118,2,,
119,2,0.0,1.0
120,1,2.0,0.0
121,0,2.0,
122,2,,
123,0,1.0,
124,0,2.0,1.0
125,0,2.0,1.0
126,2,0.0,1.0
127,2,0.0,1.0
128,0,2.0,1.0
129,2,0.0,
130,2,,
131,2,,
132,0,2.0,
133,2,,
134,2,0.0,1.0
135,2,0.0,
136,1,0.0,
137,1,,
138,0,,
139,0,,
140,1,0.0,
141,2,1.0,0.0
142,2,1.0,0.0
143,0,,
144,0,2.0,1.0
145,0,2.0,1.0
146,0,2.0,1.0
147,0,1.0,2.0
148,0,1.0,2.0
149,0,2.0,1.0
150,0,2.0,1.0
151,2,0.0,
152,0,2.0,1.0
153,2,0.0,1.0
154,0,2.0,1.0
155,0,2.0,
156,0,2.0,1.0
157,2,0.0,
158,0,2.0,1.0
159,2,1.0,0.0
160,2,0.0,1.0
161,0,2.0,1.0
162,0,2.0,1.0
163,2,1.0,
164,2,0.0,
165,2,0.0,1.0
166,2,0.0,
167,2,0.0,
168,2,1.0,
169,1,,
170,2,,
171,2,0.0,
172,1,0.0,
173,2,,
174,2,,
175,0,1.0,2.0
176,2,,
177,2,0.0,1.0
178,2,,
179,2,,
180,0,2.0,
181,2,0.0,
182,0,,
183,0,,
184,2,,
185,0,2.0,1.0
186,1,0.0,
187,2,,
188,0,2.0,1.0
189,2,0.0,1.0
190,0,,
191,2,0.0,1.0
192,2,0.0,1.0
193,2,0.0,1.0
194,1,0.0,2.0
195,0,1.0,2.0
196,0,1.0,2.0
197,1,0.0,2.0
198,2,0.0,1.0
199,0,2.0,1.0
200,2,0.0,1.0
201,0,2.0,
202,0,2.0,1.0
203,0,2.0,
204,0,,
205,2,1.0,0.0
206,0,1.0,
207,0,1.0,2.0
208,0,1.0,2.0
209,0,1.0,2.0
210,0,2.0,1.0
211,2,,
212,0,,
213,1,2.0,0.0
214,0,2.0,
215,2,0.0,1.0
220,1,0.0,
222,2,1.0,0.0
223,0,,
224,2,,
226,0,1.0,2.0
227,2,1.0,0.0
229,2,0.0,1.0
230,0,1.0,2.0
233,2,0.0,1.0
234,2,0.0,
237,1,2.0,0.0
238,0,,
239,0,1.0,2.0
240,0,2.0,1.0
241,0,,
242,1,2.0,0.0
243,2,0.0,1.0
244,2,0.0,1.0
245,0,2.0,1.0
246,0,2.0,1.0
247,0,2.0,1.0
248,2,0.0,1.0
249,1,0.0,2.0
250,2,0.0,1.0
251,0,1.0,2.0
252,2,1.0,0.0
253,0,2.0,1.0
254,1,0.0,2.0
255,2,1.0,0.0
256,0,,
257,1,2.0,0.0
258,0,2.0,
259,0,1.0,2.0
260,1,0.0,2.0
261,2,1.0,0.0
262,0,2.0,1.0
263,1,0.0,2.0
264,0,2.0,1.0
266,0,2.0,1.0
267,2,0.0,1.0
268,1,2.0,
269,0,1.0,2.0
270,2,0.0,
271,0,2.0,
273,2,1.0,0.0
274,0,2.0,
275,2,1.0,
276,0,,
278,0,2.0,1.0
280,0,1.0,2.0
281,0,2.0,
282,0,2.0,1.0
283,0,2.0,1.0
284,2,1.0,
285,2,0.0,1.0
286,1,2.0,0.0
288,1,0.0,2.0
289,0,2.0,1.0
290,0,,
291,2,0.0,1.0
292,0,2.0,1.0
293,0,,
294,0,2.0,1.0
295,0,,
296,0,1.0,2.0
297,2,1.0,0.0
298,0,2.0,
299,0,2.0,1.0
300,0,1.0,
301,2,0.0,
302,2,,
303,2,0.0,1.0
304,2,0.0,
305,0,,
306,2,0.0,1.0
307,2,,
308,2,1.0,0.0
309,0,2.0,1.0
310,2,,
311,2,0.0,1.0
312,0,2.0,1.0
313,2,0.0,1.0
314,0,1.0,
315,0,2.0,1.0
316,0,2.0,1.0
317,2,0.0,
318,0,,
319,2,0.0,
320,2,0.0,1.0
321,2,,
322,0,,
323,0,2.0,
324,0,2.0,
325,0,2.0,
326,2,,
327,1,2.0,0.0
328,2,,
329,0,1.0,
330,0,1.0,2.0
331,0,1.0,2.0
332,0,1.0,2.0
333,0,1.0,2.0
339,1,,
340,1,,
341,1,,
342,2,0.0,
343,1,2.0,
344,2,0.0,1.0
345,1,0.0,2.0
346,0,2.0,
347,2,0.0,1.0
348,2,0.0,1.0
349,2,0.0,1.0
350,2,0.0,1.0
351,2,0.0,1.0
352,2,0.0,1.0
353,2,0.0,1.0
354,2,0.0,1.0
355,2,0.0,1.0
356,2,0.0,1.0
357,2,0.0,1.0
358,1,2.0,0.0
359,1,2.0,0.0
360,0,,
361,0,,
362,0,,
363,0,,
364,0,,
365,1,,
366,2,1.0,0.0
367,2,1.0,0.0
368,2,1.0,0.0
369,0,,
370,0,1.0,
371,0,1.0,
372,0,2.0,1.0
373,0,2.0,1.0
374,0,2.0,1.0
375,0,2.0,1.0
376,0,2.0,1.0
377,0,2.0,1.0
378,0,2.0,1.0
379,0,2.0,1.0
380,0,2.0,1.0
381,0,2.0,1.0
382,0,2.0,1.0
383,0,2.0,1.0
384,0,2.0,1.0
385,0,2.0,1.0
386,0,1.0,
387,2,0.0,
388,2,0.0,
390,1,0.0,
391,1,0.0,
392,0,2.0,
393,0,,
394,0,2.0,1.0
395,0,2.0,1.0
396,0,2.0,1.0
397,0,2.0,1.0
398,0,1.0,
399,0,1.0,
400,0,1.0,
401,0,1.0,
402,0,2.0,1.0
403,0,2.0,1.0
404,0,2.0,1.0
405,0,2.0,1.0
406,0,2.0,1.0
407,0,2.0,1.0
408,0,2.0,1.0
409,0,2.0,1.0
410,0,2.0,1.0
411,0,2.0,1.0
412,0,2.0,1.0
413,0,2.0,1.0
414,2,0.0,
415,0,,
416,0,,
417,0,,
418,0,,
419,0,,
420,1,0.0,
421,2,1.0,0.0
422,2,1.0,0.0
423,0,,
424,0,,
425,0,,
426,0,,
427,0,,
428,0,,
429,0,,
430,0,2.0,
431,1,0.0,2.0
432,2,0.0,1.0
433,2,0.0,1.0
434,2,0.0,1.0
435,2,0.0,1.0
436,2,0.0,1.0
437,2,0.0,1.0
438,2,0.0,1.0
439,2,0.0,1.0
440,2,0.0,1.0
441,2,0.0,1.0
442,2,0.0,1.0
443,2,0.0,1.0
444,0,2.0,
445,0,2.0,
446,0,2.0,
457,0,1.0,2.0
458,0,1.0,2.0
459,0,1.0,2.0
460,0,1.0,2.0
461,2,,
462,2,0.0,
463,0,2.0,1.0
464,2,0.0,
465,0,1.0,
466,0,2.0,1.0
467,0,,
468,1,,
469,0,2.0,
470,1,2.0,0.0
471,1,2.0,0.0
472,2,0.0,1.0
473,1,,
474,2,,
476,0,1.0,2.0
478,0,,
479,0,,
480,0,,
481,0,,
482,0,,
483,0,,
484,0,,
485,0,,
486,0,,
487,0,2.0,
488,0,,
489,0,,
490,0,,
491,0,,
492,0,,
493,2,1.0,0.0
494,2,1.0,0.0
495,2,1.0,0.0
496,0,2.0,1.0
497,0,2.0,1.0
498,0,2.0,1.0
499,0,2.0,1.0
500,0,2.0,1.0
501,0,2.0,1.0
502,0,2.0,1.0
503,0,2.0,1.0
504,0,2.0,1.0
505,0,2.0,1.0
506,0,2.0,1.0
507,0,2.0,1.0
508,0,2.0,1.0
509,0,2.0,1.0
510,0,2.0,1.0
511,0,2.0,1.0
512,0,2.0,1.0
513,0,2.0,1.0
514,0,2.0,1.0
515,0,2.0,1.0
516,0,2.0,1.0
517,0,1.0,2.0
518,0,1.0,2.0
519,0,1.0,2.0
520,0,1.0,2.0
521,0,1.0,2.0
522,0,1.0,2.0
523,0,1.0,2.0
535,1,2.0,0.0
536,2,0.0,1.0
537,0,2.0,
538,0,2.0,
539,0,2.0,
540,0,2.0,
541,0,2.0,
542,0,2.0,
543,0,2.0,
544,2,0.0,1.0
545,2,0.0,1.0
546,2,0.0,1.0
547,2,0.0,1.0
548,2,0.0,1.0
549,2,0.0,1.0
550,2,0.0,1.0
551,1,,
552,2,1.0,0.0
553,0,2.0,1.0
554,2,0.0,
555,0,1.0,
556,0,2.0,1.0
559,0,1.0,2.0
560,1,,
561,0,2.0,1.0
562,0,2.0,1.0
563,0,2.0,1.0
564,0,2.0,1.0
565,0,2.0,1.0
566,0,2.0,1.0
567,0,2.0,1.0
568,2,0.0,
569,2,0.0,
570,2,0.0,
571,0,1.0,
572,0,1.0,
573,0,1.0,
574,2,1.0,0.0
575,2,1.0,0.0
576,2,1.0,0.0
577,0,,
578,0,,
579,0,,
580,0,,
581,0,,
582,0,,
583,2,1.0,0.0
584,0,,
585,0,,
586,0,,
587,1,0.0,
588,1,0.0,
589,2,0.0,1.0
590,2,0.0,1.0
591,2,0.0,1.0
592,2,0.0,1.0
593,2,0.0,1.0
594,2,0.0,1.0
595,2,0.0,1.0
596,2,0.0,1.0
597,2,0.0,1.0
598,2,0.0,1.0
599,2,0.0,1.0
600,2,0.0,1.0
601,2,0.0,1.0
602,0,2.0,
603,0,2.0,
604,0,2.0,
605,0,2.0,
606,0,,
607,2,0.0,1.0
608,2,0.0,1.0
609,1,2.0,
610,0,1.0,2.0
611,0,1.0,2.0
612,0,1.0,2.0
613,0,1.0,2.0
614,0,1.0,2.0
623,2,,
624,2,,
625,2,,
626,1,0.0,2.0
627,1,2.0,0.0
628,0,2.0,
629,2,,
630,2,,
632,0,2.0,
633,0,2.0,
634,2,0.0,1.0
635,2,0.0,1.0
636,2,0.0,1.0
637,2,0.0,1.0
638,2,0.0,1.0
639,2,0.0,1.0
640,2,0.0,1.0
641,1,,
642,2,0.0,1.0
643,1,2.0,0.0
644,1,,
645,2,0.0,1.0
646,2,0.0,1.0
647,1,0.0,2.0
648,1,2.0,0.0
650,0,1.0,2.0
651,0,1.0,2.0
652,0,1.0,2.0
653,0,1.0,2.0
654,0,1.0,2.0
655,0,1.0,2.0
665,2,0.0,
666,0,2.0,1.0
667,0,2.0,1.0
668,0,2.0,1.0
669,0,2.0,1.0
670,0,2.0,1.0
671,0,2.0,1.0
672,0,2.0,1.0
673,0,2.0,1.0
674,0,2.0,1.0
675,0,2.0,1.0
676,0,2.0,1.0
677,0,2.0,1.0
678,0,2.0,1.0
679,0,2.0,1.0
680,0,2.0,1.0
681,0,1.0,
682,0,1.0,
683,0,2.0,1.0
684,0,2.0,1.0
685,0,2.0,1.0
686,0,2.0,1.0
687,0,2.0,1.0
688,0,2.0,1.0
689,0,,
690,0,,
691,0,,
692,0,,
693,0,,
694,0,,
695,0,,
696,0,,
697,0,,
698,0,,
699,0,,
700,2,0.0,1.0
701,2,0.0,1.0
702,0,2.0,1.0
703,2,1.0,0.0
704,0,,
705,0,,
706,2,,
708,1,2.0,
709,2,,
710,2,,
711,2,,
712,2,,
713,2,,
714,2,,
715,2,,
716,1,0.0,2.0
717,2,0.0,1.0
718,1,2.0,0.0
719,1,2.0,0.0
720,1,0.0,2.0
721,1,0.0,2.0
722,1,0.0,2.0
723,2,0.0,1.0
724,2,0.0,1.0
725,2,0.0,1.0
726,2,0.0,1.0
727,2,0.0,1.0
728,2,0.0,1.0
729,0,2.0,
730,0,2.0,
731,0,2.0,
732,0,,
733,0,,
734,2,1.0,0.0
735,1,0.0,
736,2,1.0,0.0
737,0,2.0,1.0
738,0,2.0,1.0
739,0,2.0,1.0
740,0,2.0,1.0
741,0,2.0,1.0
742,0,2.0,1.0
743,2,1.0,
744,2,0.0,
745,2,0.0,
746,2,0.0,
747,2,0.0,
748,0,2.0,1.0
749,0,2.0,1.0
750,0,2.0,1.0
751,0,2.0,1.0
752,0,2.0,1.0
753,0,2.0,1.0
754,0,2.0,1.0
755,0,2.0,1.0
756,0,2.0,1.0
757,0,2.0,1.0
758,0,2.0,1.0
759,0,2.0,1.0
760,0,2.0,1.0
761,0,2.0,1.0
762,0,2.0,1.0
763,0,2.0,1.0
764,0,2.0,1.0
765,0,2.0,1.0
766,0,2.0,1.0
767,0,2.0,1.0
768,0,2.0,1.0
769,2,0.0,
770,2,0.0,
771,0,2.0,1.0
772,0,2.0,1.0
773,0,1.0,
774,0,1.0,
775,0,2.0,1.0
776,0,2.0,1.0
777,0,2.0,1.0
778,0,,
779,2,1.0,0.0
780,2,1.0,0.0
781,0,,
782,0,,
783,0,,
784,0,,
785,0,,
786,0,,
787,0,,
788,0,,
789,0,,
790,0,,
791,0,,
792,0,,
793,0,,
794,0,,
795,2,0.0,1.0
796,2,0.0,1.0
797,2,0.0,1.0
798,2,0.0,1.0
799,2,0.0,1.0
800,2,0.0,1.0
801,2,0.0,1.0
802,2,0.0,1.0
803,2,0.0,1.0
804,1,0.0,2.0
805,1,2.0,0.0
806,0,2.0,
807,0,2.0,
808,2,0.0,1.0
809,2,0.0,1.0
810,1,0.0,2.0
811,2,0.0,1.0
812,0,1.0,2.0
813,0,1.0,2.0
814,0,1.0,2.0
815,0,1.0,2.0
816,0,1.0,2.0
817,0,1.0,2.0
818,0,1.0,2.0
828,1,0.0,
829,0,2.0,1.0
830,1,0.0,
831,2,0.0,
832,2,0.0,
833,0,2.0,
834,0,,
835,0,,
836,1,0.0,
837,2,0.0,1.0
838,1,0.0,2.0
839,1,0.0,2.0
840,1,2.0,0.0
841,0,1.0,2.0
842,2,,
843,2,0.0,
844,2,,
850,2,,
851,2,,
852,2,,
853,2,,
854,2,0.0,1.0
855,2,0.0,1.0
856,2,0.0,1.0
857,2,0.0,1.0
858,2,0.0,1.0
859,2,0.0,1.0
860,2,0.0,1.0
861,2,0.0,1.0
862,2,1.0,
863,2,1.0,
864,2,1.0,
865,2,1.0,
866,2,0.0,1.0
867,1,2.0,0.0
868,0,2.0,
869,0,2.0,
870,0,2.0,
871,0,2.0,
872,0,2.0,
873,0,2.0,
874,0,2.0,
875,0,2.0,
876,0,2.0,
877,0,2.0,
878,0,2.0,
879,0,2.0,
880,0,2.0,
881,0,,
882,2,0.0,1.0
883,0,2.0,
884,0,2.0,
885,0,2.0,
886,2,0.0,1.0
887,2,1.0,
888,0,,
889,0,,
890,0,,
891,0,,
892,0,,
893,0,,
894,0,,
895,0,2.0,1.0
896,0,2.0,1.0
897,0,2.0,1.0
898,0,2.0,1.0
899,0,2.0,1.0
900,0,2.0,1.0
901,0,2.0,1.0
902,0,2.0,1.0
903,0,2.0,1.0
904,0,2.0,1.0
905,0,2.0,1.0
906,0,2.0,1.0
907,0,2.0,1.0
908,2,0.0,
909,2,0.0,
910,2,0.0,
911,2,0.0,
912,2,0.0,
913,2,0.0,
914,2,,
915,0,1.0,
916,2,0.0,
917,2,0.0,
918,2,0.0,
919,0,2.0,1.0
920,2,,
921,2,,
922,0,1.0,2.0
923,2,,
928,1,,
929,1,0.0,2.0
930,1,2.0,0.0
931,2,1.0,0.0
932,2,1.0,0.0
933,2,1.0,
934,0,2.0,1.0
935,0,2.0,1.0
936,2,0.0,
937,2,0.0,
938,2,0.0,
939,0,2.0,1.0
940,0,2.0,1.0
941,0,1.0,
942,0,2.0,
943,0,2.0,
944,2,0.0,1.0
945,2,0.0,1.0
946,2,0.0,1.0
947,2,0.0,1.0
948,2,0.0,1.0
949,2,0.0,1.0
950,2,0.0,1.0
951,2,0.0,1.0
952,1,2.0,0.0
953,1,0.0,2.0
954,1,0.0,2.0
955,2,0.0,1.0
956,2,0.0,1.0
957,2,0.0,1.0
958,2,0.0,1.0
959,2,0.0,1.0
960,2,0.0,1.0
962,2,,
963,2,,
964,2,,
965,0,1.0,2.0
966,0,1.0,2.0
978,2,,
979,2,0.0,
980,2,0.0,
981,0,2.0,1.0
982,0,2.0,1.0
983,0,2.0,1.0
984,0,2.0,1.0
985,0,2.0,1.0
986,0,2.0,1.0
987,0,2.0,1.0
988,0,2.0,1.0
989,0,2.0,1.0
990,0,2.0,1.0
991,0,2.0,1.0
992,0,2.0,1.0
993,0,2.0,1.0
994,0,2.0,1.0
995,0,1.0,
996,0,1.0,
997,0,1.0,
998,0,1.0,
999,0,1.0,
1000,0,2.0,
1001,0,2.0,
1002,0,,
1003,0,,
1004,2,1.0,0.0
1005,2,1.0,0.0
1006,2,1.0,0.0
1007,2,1.0,0.0
1008,1,0.0,
1009,1,0.0,
1010,1,0.0,
1011,1,0.0,
1012,0,,
1013,0,,
1014,0,,
1015,0,,
1016,2,0.0,1.0
1017,0,1.0,
1018,0,1.0,2.0
1019,1,,
1020,2,,
1021,0,1.0,2.0
1022,0,1.0,2.0
1023,0,1.0,2.0
1024,2,,
1025,2,0.0,1.0
1026,2,0.0,1.0
1027,1,2.0,0.0
1028,2,0.0,1.0
1029,2,0.0,1.0
1030,2,0.0,1.0
1031,2,0.0,1.0
1032,2,0.0,1.0
1033,2,0.0,1.0
1034,2,0.0,1.0
1035,1,0.0,2.0
1036,0,2.0,
1037,0,2.0,
1038,0,2.0,
1039,0,,
1040,0,,
1041,0,,
1042,0,,
1043,1,0.0,
1044,2,1.0,0.0
1045,2,1.0,0.0
1046,0,2.0,1.0
1047,0,2.0,1.0
1048,0,2.0,1.0
1049,0,1.0,
1050,0,1.0,
1051,0,2.0,1.0
1052,0,2.0,1.0
1053,0,2.0,1.0
1054,0,2.0,1.0
1055,0,2.0,1.0
1056,0,2.0,1.0
1057,0,2.0,1.0
1058,0,2.0,1.0
1059,0,2.0,1.0
1060,0,2.0,1.0
1061,0,2.0,1.0
1062,0,2.0,1.0
1063,0,2.0,1.0
1064,0,2.0,1.0
1065,0,2.0,1.0
1066,0,2.0,1.0
1067,0,2.0,1.0
1068,0,2.0,1.0
1069,0,2.0,1.0
1070,0,2.0,1.0
1072,2,0.0,1.0
1073,2,0.0,1.0
1074,0,2.0,1.0
1075,0,,
1076,1,0.0,2.0
1077,0,2.0,1.0
1078,0,1.0,
1079,0,2.0,1.0
1080,2,,
1081,2,0.0,1.0
1082,0,2.0,
1083,2,0.0,
1084,0,2.0,1.0
1085,0,2.0,1.0
1086,0,1.0,
1087,2,0.0,1.0
1088,0,1.0,
1089,0,2.0,1.0
1090,2,0.0,1.0
1091,0,,
1092,0,2.0,1.0
1093,0,2.0,1.0
1094,2,0.0,
1095,2,0.0,1.0
1096,0,2.0,
1097,0,2.0,
1098,2,0.0,1.0
1099,0,,
1100,0,2.0,1.0
1101,0,2.0,1.0
1102,2,0.0,1.0
1103,2,1.0,0.0
1104,0,2.0,1.0
1105,2,0.0,1.0
1106,0,2.0,1.0
1107,1,0.0,2.0
1108,0,2.0,1.0
1109,0,2.0,1.0
1110,0,1.0,2.0
1111,0,2.0,1.0
1112,0,2.0,1.0
1113,1,2.0,0.0
1114,2,0.0,1.0
1115,0,,
1116,0,,
1117,0,2.0,1.0
1118,0,,
1119,0,2.0,1.0
1120,0,,
1121,2,,
1122,1,0.0,
1123,2,,
1124,0,2.0,1.0
1125,0,2.0,1.0
1126,2,1.0,0.0
1127,0,1.0,
1128,2,,
1129,1,,
1130,0,2.0,1.0
1131,2,0.0,1.0
1132,2,1.0,
1133,2,0.0,1.0
1134,2,1.0,0.0
1135,0,,
1136,2,0.0,1.0
1137,0,2.0,1.0
1138,2,0.0,1.0
1139,0,1.0,
1140,0,2.0,1.0
1141,0,2.0,
1142,0,2.0,1.0
1143,0,,
1144,0,1.0,2.0
1145,0,2.0,1.0
1146,0,2.0,1.0
1147,2,0.0,
1148,2,0.0,1.0
1149,2,0.0,1.0
1150,1,0.0,2.0
1151,2,0.0,
1152,0,1.0,2.0
1153,0,1.0,2.0
1154,0,2.0,1.0
1155,1,0.0,2.0
1156,0,1.0,2.0
1157,0,1.0,2.0
1158,0,2.0,1.0
1159,2,0.0,1.0
1160,2,0.0,
1161,2,0.0,
1162,2,0.0,
1163,0,2.0,
1164,2,0.0,1.0
1165,2,0.0,1.0
1166,0,2.0,
1167,2,0.0,
1168,0,2.0,
1169,0,2.0,1.0
1170,1,,
1171,0,2.0,
1172,1,0.0,2.0
1173,0,1.0,2.0
1174,2,,
1175,2,1.0,0.0
1176,2,0.0,
1177,2,1.0,0.0
1178,2,0.0,
1179,2,0.0,
1180,1,,
1181,0,,
1182,0,2.0,1.0
1183,2,0.0,1.0
1184,2,0.0,
1185,2,0.0,1.0
1186,2,0.0,
1187,0,2.0,
1188,0,2.0,1.0
1189,2,0.0,1.0
1190,2,0.0,
1191,0,2.0,1.0
1192,2,0.0,1.0
1193,2,0.0,
1194,2,0.0,1.0
1195,0,2.0,1.0
1196,2,0.0,1.0
1197,0,2.0,1.0
1198,2,,
1199,0,,
1200,2,0.0,1.0
1201,2,0.0,1.0
1202,2,0.0,
1203,0,2.0,1.0
1204,0,2.0,
1205,2,,
1206,0,2.0,1.0
1207,2,0.0,
1208,2,0.0,
1209,2,0.0,1.0
1210,2,0.0,1.0
1211,2,0.0,
1212,2,0.0,
1213,0,2.0,
1214,0,2.0,
1215,0,1.0,
1217,2,0.0,
1218,2,,
1219,2,0.0,
1220,2,0.0,1.0
1221,2,1.0,0.0
1222,0,2.0,
1223,0,2.0,1.0
1224,0,1.0,
1225,0,1.0,2.0
1226,0,1.0,
1227,0,1.0,
1228,0,2.0,1.0
1229,2,0.0,1.0
1230,0,,
1231,2,0.0,1.0
1232,0,,
1233,2,0.0,
1234,0,2.0,1.0
1235,0,2.0,1.0
1236,0,2.0,1.0
1237,0,2.0,1.0
1238,2,,
1239,0,2.0,1.0
1240,2,1.0,0.0
1241,2,,
1242,0,2.0,1.0
1243,0,2.0,
1244,0,1.0,
1245,0,2.0,1.0
1246,0,2.0,1.0
1247,0,2.0,1.0
1248,0,2.0,1.0
1249,1,,
1250,2,,
1251,0,2.0,1.0
1252,1,0.0,2.0
1253,0,2.0,1.0
1254,2,1.0,0.0
1255,0,2.0,1.0
1256,0,2.0,1.0
1257,0,2.0,1.0
1258,2,,
1259,1,2.0,0.0
1260,2,0.0,
1261,0,2.0,1.0
1262,0,1.0,2.0
1263,2,,
1264,0,2.0,
1265,2,0.0,1.0
1266,0,2.0,1.0
1267,2,0.0,1.0
1269,0,2.0,1.0
1271,0,2.0,1.0
1272,0,,
1273,2,,
1274,1,0.0,
1275,0,,
1276,0,2.0,1.0
1277,2,1.0,0.0
1278,0,2.0,
1279,2,1.0,0.0
1280,0,,
1281,0,2.0,1.0
1282,0,,
1283,0,1.0,2.0
1284,0,1.0,
1285,0,2.0,1.0
1286,0,2.0,1.0
1287,0,2.0,1.0
1288,0,2.0,1.0
1289,0,,
1290,0,1.0,2.0
1291,2,0.0,1.0
1292,2,0.0,1.0
1293,2,0.0,
1294,1,2.0,0.0
1295,0,2.0,1.0
1297,0,2.0,1.0
1298,0,2.0,1.0
1299,0,1.0,2.0
1300,2,,
1301,0,2.0,1.0
1302,0,,
1303,0,2.0,1.0
1304,0,2.0,1.0
1305,0,,
1306,1,0.0,2.0
1307,0,,
1308,2,0.0,1.0
1309,2,0.0,1.0
1310,2,0.0,1.0
1311,0,,
1312,0,2.0,1.0
1313,2,,
1314,0,1.0,2.0
1316,2,,
1317,0,,
1318,0,2.0,1.0
1319,0,2.0,
1320,0,2.0,1.0
1321,0,1.0,2.0
1322,2,0.0,
1323,0,2.0,1.0
1324,2,0.0,1.0
1325,0,2.0,
1326,2,0.0,1.0
1327,0,2.0,1.0
1329,2,0.0,
1330,2,0.0,1.0
1331,0,2.0,1.0
1332,0,2.0,
1333,0,2.0,1.0
1334,1,2.0,0.0
1335,2,,
1336,1,0.0,2.0
1337,1,0.0,
1338,0,1.0,
1339,2,0.0,1.0
1340,0,1.0,2.0
1341,2,0.0,1.0
1342,0,1.0,2.0
1343,2,1.0,
1344,1,2.0,0.0
1345,0,1.0,2.0
1346,2,0.0,
1347,2,1.0,0.0
1348,0,2.0,1.0
1349,2,0.0,1.0
1350,2,0.0,1.0
1351,2,0.0,1.0
1352,0,2.0,1.0
1353,1,0.0,2.0
1354,0,2.0,1.0
1355,2,0.0,1.0
1356,0,2.0,1.0
1357,0,,
1358,0,1.0,
1359,1,0.0,2.0
1360,0,2.0,
1361,1,0.0,2.0
1362,0,2.0,1.0
1363,1,0.0,
1364,0,,
1365,2,0.0,
1366,0,1.0,
1367,0,2.0,1.0
1368,0,2.0,
1369,0,2.0,
1370,1,0.0,
1371,0,,
1372,0,2.0,1.0
1373,0,2.0,1.0
1374,2,0.0,1.0
1375,0,1.0,2.0
1376,0,2.0,1.0
1377,2,0.0,1.0
1378,1,2.0,0.0
1379,0,2.0,1.0
1380,0,,
1381,0,1.0,2.0
1382,0,,
1383,0,2.0,1.0
1384,0,2.0,1.0
1385,0,2.0,
1386,0,1.0,2.0
1387,1,0.0,
1388,2,0.0,1.0
1389,0,1.0,2.0
1390,0,,
1391,2,0.0,1.0
1392,0,2.0,
1393,0,2.0,1.0
1394,2,1.0,
1395,0,1.0,2.0
1396,0,2.0,1.0
1397,1,0.0,2.0
1398,0,1.0,
1399,2,0.0,1.0
1400,0,1.0,2.0
1401,0,2.0,
1402,0,,
1403,0,,
1404,0,2.0,1.0
1405,0,2.0,1.0
1406,2,0.0,
1407,0,2.0,
1408,2,0.0,1.0
1409,0,2.0,1.0
1410,0,2.0,1.0
1411,2,1.0,0.0
1412,0,2.0,1.0
1413,0,,
1414,2,1.0,0.0
1416,0,2.0,1.0
1417,0,,
1418,0,,
1419,0,,
1420,0,,
1421,0,1.0,2.0
1422,0,2.0,1.0
1423,0,2.0,1.0
1424,0,2.0,
1425,0,2.0,
1426,0,2.0,1.0
1427,0,2.0,1.0
1428,0,2.0,1.0
1429,2,0.0,1.0
1430,0,1.0,2.0
1431,2,0.0,
1432,2,0.0,1.0
1433,2,0.0,1.0
1434,2,,
1435,0,2.0,1.0
1436,1,,
1437,0,1.0,2.0
1438,2,0.0,1.0
1439,0,1.0,2.0
1440,2,0.0,1.0
1441,0,2.0,1.0
1442,0,,
1443,1,0.0,2.0
1444,0,,
1445,0,,
1446,0,2.0,1.0
1447,0,2.0,
1448,0,2.0,
1449,2,0.0,
1450,2,0.0,1.0
1451,0,2.0,1.0
1452,0,2.0,1.0
1453,2,,
1454,2,0.0,1.0
1455,2,0.0,1.0
1456,0,2.0,
1457,2,0.0,1.0
1458,0,,
1459,2,0.0,1.0
1460,2,0.0,
1461,0,2.0,1.0
1462,2,,
1463,0,2.0,1.0
1464,1,0.0,2.0
1465,1,0.0,
1466,2,0.0,
1467,2,0.0,1.0
1468,2,0.0,1.0
1470,1,0.0,2.0
1471,1,0.0,2.0
1472,0,2.0,1.0
1473,0,2.0,1.0
1474,0,2.0,
1475,2,,
1476,0,2.0,1.0
1477,2,,
1478,1,0.0,2.0
1479,2,0.0,
1480,2,1.0,0.0
1481,0,2.0,1.0
1482,0,2.0,1.0
1483,0,,
1484,0,2.0,
1485,0,1.0,
1486,0,2.0,1.0
1487,0,,
1488,0,,
1489,0,2.0,1.0
1490,0,,
1491,0,2.0,1.0
1492,2,0.0,
1493,0,2.0,1.0
1494,0,2.0,1.0
1495,2,,
1496,2,0.0,1.0
1497,0,1.0,2.0
1498,2,0.0,1.0
1499,0,2.0,1.0
1500,2,0.0,1.0
1501,0,2.0,1.0
1502,2,0.0,1.0
1503,2,0.0,
1504,0,2.0,1.0
1505,2,1.0,0.0
1506,0,1.0,2.0
1507,0,1.0,2.0
1508,0,2.0,1.0
1509,0,2.0,1.0
1510,0,2.0,1.0
1511,0,2.0,1.0
1512,1,0.0,2.0
1513,2,0.0,1.0
1514,1,0.0,
1515,0,2.0,1.0
1516,0,2.0,1.0
1517,0,2.0,1.0
1518,0,2.0,1.0
1519,0,1.0,2.0
1520,0,2.0,1.0
1521,0,2.0,1.0
1522,0,2.0,1.0
1523,0,2.0,1.0
1524,0,2.0,1.0
1525,0,2.0,
1526,0,2.0,1.0
1527,2,0.0,
1528,0,2.0,1.0
1529,2,0.0,
1530,0,2.0,
1531,0,,
1532,0,2.0,1.0
1533,0,1.0,2.0
1534,0,2.0,1.0
1535,0,,
1536,0,,
1537,0,,
1538,0,2.0,1.0
1539,2,0.0,1.0
1540,0,2.0,1.0
1541,0,,
1542,0,2.0,1.0
1543,2,1.0,
1544,2,0.0,1.0
1545,2,1.0,0.0
1546,2,0.0,1.0
1547,0,2.0,1.0
1548,0,2.0,1.0
1549,1,0.0,2.0
1550,1,0.0,2.0
1551,0,,
1552,0,2.0,1.0
1553,0,2.0,
1554,0,2.0,1.0
1555,0,2.0,1.0
1556,2,0.0,
1557,0,,
1558,0,2.0,
1559,2,0.0,1.0
1560,0,,
1561,0,1.0,2.0
1562,2,0.0,1.0
1563,0,2.0,
1564,0,2.0,1.0
1565,0,2.0,
1566,0,2.0,
1567,0,2.0,
1568,0,2.0,1.0
1569,2,,
1570,2,0.0,1.0
1571,0,1.0,2.0
1572,0,,
1573,2,,
1574,2,0.0,
1575,0,2.0,
1576,0,,
1577,2,1.0,0.0
1578,0,2.0,
1579,2,1.0,0.0
1580,0,2.0,
1581,2,,
1582,2,0.0,1.0
1583,0,2.0,1.0
1584,0,2.0,
1585,2,,
1586,0,2.0,
1587,2,0.0,1.0
1588,0,,
1589,1,0.0,2.0
1590,2,,
1591,2,0.0,1.0
1592,2,0.0,1.0
1593,0,2.0,1.0
1594,1,0.0,2.0
1595,2,1.0,0.0
1596,2,0.0,1.0
1597,0,1.0,
1598,2,0.0,1.0
1599,1,0.0,2.0
1600,2,0.0,1.0
1601,2,0.0,1.0
1602,2,0.0,
1603,0,2.0,1.0
1604,0,2.0,1.0
1605,0,2.0,1.0
1606,2,0.0,1.0
1607,1,0.0,
1608,0,2.0,
1609,2,0.0,1.0
1610,0,2.0,
1611,0,1.0,2.0
1613,2,1.0,0.0
1614,0,1.0,2.0
1615,2,0.0,1.0
1616,0,2.0,
1617,2,0.0,1.0
1618,0,2.0,
1619,2,,
1620,2,0.0,1.0
1621,0,2.0,1.0
1622,0,2.0,1.0
1623,0,1.0,
1624,0,2.0,
1625,0,2.0,
1626,0,,
1627,2,0.0,1.0
1628,2,0.0,1.0
1629,2,0.0,1.0
1630,0,2.0,1.0
1631,0,2.0,1.0
1632,2,0.0,1.0
1633,0,2.0,1.0
1634,2,1.0,0.0
1635,0,2.0,1.0
1636,0,2.0,
1637,0,1.0,2.0
1638,0,2.0,
1639,0,2.0,1.0
1640,0,,
1641,0,,
1642,0,2.0,1.0
1643,2,1.0,0.0
1644,2,0.0,1.0
1645,1,2.0,0.0
1646,0,2.0,1.0
1647,0,,
1648,0,2.0,1.0
1649,0,1.0,
1650,2,0.0,1.0
1651,0,2.0,1.0
1652,0,,
1653,2,,
1654,2,0.0,1.0
1655,0,2.0,1.0
1656,0,2.0,1.0
1657,0,2.0,1.0
1658,2,1.0,0.0
1659,2,1.0,0.0
1660,0,,
1661,0,2.0,
1662,0,2.0,1.0
1663,1,2.0,0.0
1664,2,,
1665,2,1.0,0.0
1666,2,0.0,1.0
1667,0,2.0,
1668,0,,
1669,1,0.0,2.0
1670,0,1.0,2.0
1671,0,,
1672,1,2.0,0.0
1673,1,2.0,0.0
1674,1,0.0,
1675,2,0.0,1.0
1676,2,,
1677,2,0.0,1.0
1678,0,1.0,2.0
1679,0,2.0,
1680,0,2.0,
1681,1,0.0,
1682,0,2.0,1.0
1683,0,,
1684,2,0.0,
1685,0,2.0,1.0
1687,0,,
1688,0,2.0,1.0
1689,2,,
1690,2,0.0,1.0
1691,2,,
1692,2,0.0,
1693,0,,
1694,0,1.0,2.0
1695,0,2.0,
1696,2,0.0,1.0
1697,0,2.0,1.0
1698,2,0.0,1.0
1699,2,0.0,
1700,2,0.0,
1701,0,2.0,
1702,0,2.0,
1703,0,,
1704,0,2.0,1.0
1705,0,2.0,
1706,2,0.0,1.0
1707,0,1.0,
1708,2,0.0,1.0
1709,0,1.0,2.0
1710,2,0.0,
1711,0,2.0,
1712,0,2.0,1.0
1713,2,0.0,
1714,2,1.0,0.0
1715,0,2.0,1.0
1716,2,0.0,
1717,0,,
1719,2,0.0,1.0
1720,0,2.0,1.0
1722,0,2.0,1.0
1723,0,2.0,1.0
1724,1,0.0,
1725,2,0.0,
1726,0,2.0,
1727,2,1.0,0.0
1728,0,2.0,
1729,2,0.0,1.0
1730,0,2.0,1.0
1731,0,1.0,
1732,0,1.0,
1733,0,2.0,
1734,0,2.0,
1735,0,1.0,2.0
1736,0,2.0,1.0
1737,0,,
1738,0,2.0,
1739,0,1.0,
1740,2,0.0,1.0
1741,0,,
1742,0,2.0,1.0
1743,2,0.0,1.0
1744,0,1.0,2.0
1745,0,1.0,2.0
1746,2,0.0,1.0
1747,2,1.0,0.0
1748,1,2.0,0.0
1749,0,1.0,2.0
1750,2,0.0,
1751,0,,
1752,2,0.0,
1753,0,2.0,1.0
1754,0,2.0,1.0
1755,1,0.0,
1756,0,,
1757,0,,
1758,2,0.0,1.0
1759,0,1.0,2.0
1760,2,0.0,1.0
1761,1,0.0,2.0
1762,2,1.0,
1763,0,1.0,
1764,0,2.0,
1765,2,0.0,
1766,0,2.0,1.0
1767,2,0.0,1.0
1768,0,2.0,1.0
1769,0,,
1770,0,,
1771,0,2.0,1.0
1772,2,0.0,1.0
1773,0,2.0,1.0
1774,1,0.0,2.0
1775,0,2.0,
1776,1,0.0,
1777,0,,
1778,1,2.0,0.0
1779,0,2.0,1.0
1780,0,2.0,1.0
1781,0,,
1782,0,2.0,1.0
1783,0,1.0,2.0
1784,0,2.0,1.0
1786,2,,
1787,2,0.0,1.0
1789,2,,
1791,2,0.0,
1792,0,2.0,1.0
1793,2,0.0,1.0
1794,0,,
1795,0,2.0,
1796,0,1.0,2.0
1797,0,2.0,
1798,2,0.0,
1799,0,,
1800,0,2.0,1.0
1801,2,0.0,
1802,1,0.0,
1803,1,0.0,2.0
1804,0,,
1805,0,2.0,
1806,2,0.0,1.0
1807,2,0.0,
1808,0,1.0,2.0
1809,2,0.0,
1810,2,1.0,0.0
1811,2,0.0,
1813,0,2.0,1.0
1814,0,1.0,2.0
1815,0,,
1816,0,2.0,1.0
1817,0,2.0,
1818,2,,
1819,2,0.0,1.0
1820,0,,
1821,2,1.0,0.0
1822,2,1.0,
1823,0,2.0,1.0
1824,0,2.0,
1825,2,0.0,1.0
1826,0,2.0,1.0
1827,2,,
1828,2,0.0,1.0
1829,2,1.0,0.0
1830,0,2.0,1.0
1831,0,1.0,2.0
1832,0,2.0,1.0
1833,2,0.0,
1834,0,2.0,1.0
1835,2,0.0,1.0
1836,1,0.0,2.0
1837,2,,
1838,2,0.0,
1839,2,0.0,1.0
1840,2,0.0,
1841,0,2.0,
1842,0,2.0,1.0
1843,1,0.0,
1844,2,0.0,
1845,0,2.0,1.0
1847,0,2.0,
1848,1,0.0,2.0
1849,0,2.0,
1850,2,0.0,1.0
1851,2,,
1852,2,0.0,1.0
1853,2,,
1854,2,0.0,
1855,0,2.0,
1856,0,,
1857,1,2.0,0.0
1858,2,0.0,
1859,1,0.0,2.0
1860,2,,
1861,2,0.0,
1862,0,2.0,1.0
1863,0,1.0,2.0
1864,0,1.0,
1865,2,,
1866,0,,
1867,0,2.0,1.0
1868,1,2.0,0.0
1869,0,,
1870,2,,
1871,0,2.0,
1872,2,1.0,0.0
1873,2,0.0,1.0
1874,2,1.0,0.0
1875,2,,
1876,0,2.0,1.0
1877,2,,
1878,0,2.0,1.0
1879,0,2.0,
1880,2,0.0,
1881,0,1.0,2.0
1882,2,0.0,1.0
1883,1,,
1884,0,2.0,1.0
1885,0,,
1886,0,1.0,2.0
1887,2,0.0,
1888,0,1.0,2.0
1889,0,,
1890,0,,
1891,0,2.0,1.0
1892,0,2.0,1.0
1893,1,2.0,0.0
1894,1,0.0,2.0
1895,0,2.0,1.0
1896,2,0.0,1.0
1897,2,0.0,1.0
1898,0,2.0,1.0
1899,0,,
1900,0,2.0,1.0
1901,0,,
1902,0,2.0,1.0
1903,2,0.0,
1904,0,2.0,1.0
1907,0,1.0,2.0
1908,0,,
1909,0,,
1910,2,0.0,1.0
1911,0,2.0,1.0
1912,0,2.0,1.0
1913,0,1.0,2.0
1914,0,2.0,1.0
1915,2,0.0,
1916,2,0.0,1.0
1917,0,2.0,1.0
1918,0,2.0,
1919,0,1.0,
1920,0,2.0,1.0
1921,0,2.0,1.0
1922,0,2.0,1.0
1923,0,2.0,1.0
1924,0,2.0,1.0
1925,2,0.0,1.0
1926,2,0.0,1.0
1927,0,2.0,1.0
1928,2,0.0,1.0
1929,0,1.0,2.0
1930,2,1.0,0.0
1931,2,0.0,1.0
1932,0,2.0,1.0
1933,0,1.0,
1934,0,,
1935,0,2.0,1.0
1936,0,1.0,2.0
1937,0,1.0,
1938,2,0.0,1.0
1939,0,,
1940,1,2.0,0.0
1941,0,1.0,2.0
1942,2,0.0,1.0
1943,0,2.0,1.0
1944,0,2.0,1.0
1945,0,2.0,1.0
1946,0,,
1947,0,2.0,1.0
1948,0,1.0,2.0
1949,0,2.0,1.0
1950,1,2.0,0.0
1951,0,1.0,2.0
1952,1,2.0,0.0
1953,0,,
1954,2,0.0,1.0
1955,0,1.0,
1956,1,2.0,0.0
1957,0,1.0,2.0
1958,0,1.0,2.0
1959,0,,
1960,0,2.0,1.0
1961,0,1.0,
1962,0,2.0,1.0
1963,0,2.0,1.0
1964,2,1.0,0.0
1965,0,2.0,1.0
1966,2,0.0,1.0
1967,0,,
1968,0,1.0,2.0
1969,0,1.0,2.0
1970,0,2.0,1.0
1971,2,,
1972,0,1.0,2.0
1973,1,0.0,2.0
1974,2,0.0,1.0
1975,2,0.0,1.0
1976,2,,
1977,2,0.0,
1978,2,0.0,1.0
1979,2,,
1980,1,,
1981,0,,
1982,2,0.0,1.0
1983,2,0.0,1.0
1984,0,2.0,1.0
1985,0,2.0,1.0
1986,0,,
1987,0,2.0,
1988,2,0.0,1.0
1989,0,2.0,1.0
1990,2,0.0,1.0
1991,2,0.0,1.0
1992,1,2.0,0.0
1993,1,0.0,
1994,1,0.0,
1995,0,2.0,
1996,1,2.0,0.0
1997,0,2.0,1.0
1998,0,2.0,
1999,2,0.0,1.0
2000,0,2.0,
2001,2,0.0,1.0
2002,0,2.0,
2003,0,,
2004,0,2.0,1.0
2005,2,0.0,
2006,2,0.0,1.0
2007,0,2.0,
2008,2,,
2009,0,1.0,2.0
2010,0,2.0,1.0
2011,0,,
2012,0,,
2013,0,1.0,
2014,0,2.0,
2015,0,2.0,1.0
2016,2,0.0,1.0
2017,0,2.0,1.0
2018,2,0.0,1.0
2019,0,,
2020,2,0.0,1.0
2021,2,0.0,1.0
2022,2,,
2023,0,,
2024,0,2.0,1.0
2025,2,0.0,1.0
2026,2,0.0,1.0
2027,0,1.0,2.0
2028,0,1.0,2.0
2029,0,,
2030,1,0.0,2.0
2031,0,2.0,1.0
2032,2,0.0,1.0
2033,0,2.0,1.0
2034,0,1.0,2.0
2035,0,,
2036,0,,
2037,2,0.0,1.0
2038,1,2.0,0.0
2039,1,2.0,0.0
2040,0,1.0,2.0
2041,0,,
2042,2,0.0,1.0
2043,0,,
2044,2,0.0,1.0
2045,2,0.0,1.0
2046,0,2.0,
2047,0,2.0,1.0
2048,2,1.0,
2049,0,,
2050,0,1.0,
2051,0,2.0,1.0
2052,0,2.0,
2053,0,2.0,1.0
2054,0,2.0,1.0
2055,2,0.0,1.0
2056,2,0.0,1.0
2057,0,2.0,1.0
2058,0,2.0,1.0
2059,2,0.0,1.0
2060,0,,
2061,0,2.0,1.0
2062,0,2.0,1.0
2063,0,2.0,1.0
2064,0,2.0,1.0
2065,1,0.0,2.0
2066,0,2.0,1.0
2067,2,,
2068,1,0.0,2.0
2069,2,0.0,1.0
2070,0,2.0,1.0
2071,2,0.0,
2072,0,2.0,1.0
2073,0,2.0,1.0
2074,0,2.0,1.0
2075,2,0.0,1.0
2076,0,1.0,2.0
2077,0,2.0,1.0
2078,0,2.0,1.0
2079,0,,
2080,0,2.0,
2089,2,0.0,
2091,0,,
2092,2,1.0,
2095,0,,
2096,0,,
2100,0,,
2102,0,,
2106,1,2.0,
2107,0,2.0,
2108,0,1.0,
2116,0,,
2118,2,1.0,0.0
2121,0,2.0,1.0
2123,2,1.0,0.0
2124,2,,
2125,0,1.0,2.0
2126,0,2.0,1.0
2127,2,0.0,1.0
2128,0,2.0,1.0
2129,0,1.0,
2130,2,0.0,1.0
2131,2,1.0,0.0
2132,0,1.0,2.0
2133,2,0.0,1.0
2134,2,,
2135,0,2.0,1.0
2137,2,0.0,1.0
2138,0,2.0,1.0
2139,0,2.0,1.0
2140,0,2.0,1.0
2141,2,1.0,0.0
2142,0,,
2143,0,2.0,1.0
2144,1,0.0,2.0
2145,0,2.0,1.0
2146,2,0.0,1.0
2147,0,2.0,1.0
2148,2,0.0,1.0
2149,2,0.0,
2150,0,2.0,1.0
2151,2,1.0,0.0
2152,1,0.0,
2153,1,0.0,
2154,0,2.0,1.0
2155,0,2.0,
2156,2,1.0,
2157,0,2.0,1.0
2158,2,0.0,1.0
2159,0,2.0,
2160,0,2.0,1.0
2161,2,0.0,
2162,2,0.0,1.0
2163,0,2.0,
2165,0,1.0,2.0
2166,0,,
2167,2,,
2168,2,0.0,1.0
2169,0,1.0,2.0
2171,0,2.0,1.0
2172,0,1.0,
2173,1,2.0,
2174,0,2.0,
2175,0,,
2176,2,0.0,
2177,2,0.0,1.0
2178,0,1.0,2.0
2179,0,2.0,1.0
2180,1,2.0,0.0
2181,0,2.0,1.0
2182,0,1.0,2.0
2183,0,2.0,1.0
2184,0,1.0,
2185,0,1.0,2.0
2186,2,0.0,
2187,2,0.0,
2188,0,2.0,
2189,0,2.0,1.0
2190,0,2.0,1.0
2191,0,2.0,1.0
2192,2,0.0,1.0
2193,0,2.0,1.0
2194,0,1.0,2.0
2195,2,0.0,
2196,2,1.0,0.0
2197,0,2.0,
2198,2,,
2199,0,2.0,
2200,2,,
2201,2,0.0,1.0
2202,2,,
2203,2,0.0,
2204,1,2.0,0.0
2205,0,2.0,1.0
2206,2,1.0,0.0
2207,2,,
2208,0,2.0,1.0
2209,2,0.0,
2210,2,0.0,1.0
2211,0,2.0,
2212,2,0.0,1.0
2213,0,2.0,
2214,2,0.0,
2215,2,0.0,
2216,2,,
2217,0,2.0,
2218,0,,
2219,0,,
2220,2,,
2221,0,2.0,
2222,1,0.0,
2223,0,2.0,
2224,2,,
2225,0,2.0,1.0
2226,2,0.0,1.0
2227,0,,
2228,0,2.0,
2229,2,1.0,0.0
2230,2,,
2231,0,2.0,
2232,0,2.0,1.0
2233,0,2.0,1.0
2234,2,,
2235,2,0.0,1.0
2236,2,0.0,1.0
2237,2,0.0,
2238,0,2.0,1.0
2239,0,2.0,1.0
2240,0,2.0,
2241,0,2.0,
2242,2,0.0,
2243,0,2.0,
2244,2,,
2245,2,0.0,
2246,2,,
2247,0,1.0,
2248,2,,
2249,0,2.0,
2250,2,1.0,
2251,1,0.0,
2252,0,2.0,1.0
2253,2,0.0,1.0
2254,2,0.0,1.0
2255,2,0.0,
2256,2,1.0,0.0
2257,0,,
2258,0,2.0,1.0
2259,2,,
2260,2,0.0,
2261,2,0.0,1.0
2262,0,2.0,1.0
2263,2,,
2264,0,2.0,
2265,1,,
2266,2,1.0,0.0
2267,0,2.0,1.0
2268,0,2.0,1.0
2269,0,,
2270,1,0.0,
2271,2,0.0,1.0
2272,2,0.0,
2273,2,0.0,
2274,0,2.0,1.0
2275,0,2.0,
2276,1,2.0,0.0
2277,0,2.0,1.0
2278,0,,
2279,0,2.0,1.0
2280,1,2.0,0.0
2281,1,0.0,2.0
2282,0,2.0,1.0
2283,0,,
2284,0,,
2285,2,0.0,
2286,2,0.0,1.0
2287,0,2.0,1.0
2288,2,0.0,1.0
2289,2,0.0,
2290,0,1.0,2.0
2291,0,,
2292,0,,
2293,0,,
2294,0,,
2295,2,0.0,
2296,1,0.0,2.0
2297,2,0.0,1.0
2298,0,2.0,
2299,1,2.0,0.0
2300,2,0.0,1.0
2301,0,,
2302,2,1.0,0.0
2303,2,0.0,1.0
2304,1,0.0,2.0
2305,0,,
2306,0,2.0,1.0
2307,0,1.0,2.0
2308,0,2.0,
2309,0,2.0,1.0
2310,0,2.0,
2311,2,1.0,
2312,2,0.0,1.0
2313,0,1.0,
2314,0,,
2315,0,1.0,2.0
2316,0,2.0,
2317,0,,
2318,0,1.0,2.0
2319,1,0.0,
2320,0,2.0,1.0
2321,0,1.0,2.0
2322,0,2.0,1.0
2323,1,2.0,0.0
2324,0,2.0,1.0
2325,0,2.0,1.0
2326,0,2.0,1.0
2327,0,1.0,2.0
2328,0,2.0,1.0
2329,1,2.0,0.0
2330,2,0.0,1.0
2331,2,0.0,1.0
2332,2,1.0,0.0
2333,1,2.0,0.0
2334,0,2.0,1.0
2335,1,2.0,0.0
2336,2,0.0,1.0
2337,0,2.0,1.0
2338,0,2.0,1.0
2339,0,2.0,1.0
2340,0,2.0,1.0
2341,0,2.0,1.0
2343,0,,
2344,0,,
2345,1,2.0,0.0
2346,2,1.0,0.0
2347,0,2.0,1.0
2348,2,,
2349,2,0.0,1.0
2350,1,0.0,
2351,0,2.0,1.0
2352,0,2.0,1.0
2354,0,2.0,1.0
2355,2,0.0,1.0
2356,0,1.0,
2357,2,1.0,0.0
2358,0,2.0,1.0
2359,1,2.0,0.0
2360,0,2.0,1.0
2361,0,2.0,1.0
2362,0,2.0,1.0
2363,0,2.0,1.0
2364,0,1.0,2.0
2365,0,,
2366,0,2.0,
2367,2,0.0,1.0
2368,2,0.0,1.0
2369,0,,
2370,0,,
2371,2,0.0,1.0
2372,1,2.0,0.0
2373,0,1.0,2.0
2374,1,0.0,2.0
2375,0,,
2376,2,0.0,1.0
2377,0,2.0,1.0
2378,2,0.0,1.0
2379,2,0.0,1.0
2380,0,2.0,
2381,0,,
2382,0,1.0,2.0
2383,0,2.0,1.0
2384,0,2.0,
2385,2,1.0,0.0
2386,0,1.0,2.0
2387,1,0.0,2.0
2388,0,2.0,1.0
2389,0,2.0,1.0
2390,0,,
2391,0,,
2392,0,2.0,
2393,0,2.0,1.0
2394,0,2.0,1.0
2395,0,2.0,1.0
2396,1,0.0,2.0
2397,2,0.0,1.0
2398,0,2.0,1.0
2399,0,2.0,
2400,0,2.0,1.0
2401,0,1.0,
2402,0,2.0,1.0
2403,0,,
2404,0,2.0,1.0
2405,0,2.0,1.0
2406,0,2.0,1.0
2407,0,2.0,
2408,0,2.0,1.0
2409,0,1.0,2.0
2410,2,0.0,1.0
2411,2,0.0,1.0
2412,0,1.0,2.0
2413,2,0.0,1.0
2414,0,2.0,1.0
2415,2,0.0,1.0
2416,0,2.0,1.0
2418,0,1.0,
2419,2,0.0,
2427,0,2.0,1.0
2431,1,2.0,
2434,1,2.0,
2437,0,2.0,
2439,0,,
2440,0,1.0,
2441,2,0.0,
2443,0,2.0,
2446,1,2.0,0.0
2447,0,1.0,
2454,0,,
2458,1,2.0,0.0
2459,0,,
2464,0,1.0,2.0
2470,1,0.0,
2473,0,1.0,
2477,0,1.0,2.0
2478,0,2.0,1.0
2479,0,2.0,1.0
2480,2,1.0,
2481,2,0.0,1.0
2482,2,0.0,1.0
2483,0,2.0,1.0
2484,2,0.0,
2485,2,0.0,
2486,2,0.0,
2487,2,0.0,
2488,0,,
2489,0,2.0,1.0
2491,0,,
2492,0,1.0,
2493,2,,
2494,2,0.0,
2495,0,,
2496,2,0.0,1.0
2497,0,1.0,
2498,0,2.0,1.0
2499,0,2.0,1.0
2500,2,0.0,1.0
2501,0,2.0,1.0
2502,0,1.0,2.0
2503,0,2.0,
2504,0,2.0,1.0
2505,0,2.0,1.0
2506,2,,
2507,2,0.0,
2508,0,2.0,1.0
2509,2,0.0,1.0
2510,2,,
2511,0,1.0,2.0
2512,0,2.0,1.0
2513,0,2.0,1.0
2514,0,2.0,1.0
2515,0,,
2516,1,0.0,2.0
2517,0,1.0,2.0
2518,2,,
2519,0,2.0,1.0
2520,2,0.0,
2521,2,1.0,0.0
2522,2,0.0,1.0
2523,0,,
2524,2,0.0,1.0
2525,0,1.0,2.0
2526,2,1.0,0.0
2527,2,0.0,1.0
2528,0,1.0,
2529,2,0.0,1.0
2530,0,2.0,1.0
2531,0,2.0,
2532,0,2.0,1.0
2533,2,0.0,1.0
2534,0,2.0,
2535,0,2.0,1.0
2536,0,2.0,1.0
2537,2,,
2538,0,,
2539,0,2.0,1.0
2540,0,2.0,1.0
2541,0,2.0,1.0
2542,0,1.0,
2543,0,2.0,1.0
2544,0,,
2545,0,,
2546,0,2.0,
2547,2,0.0,1.0
2548,0,2.0,1.0
2549,0,2.0,1.0
2550,1,2.0,0.0
2551,0,,
2552,0,2.0,1.0
2553,0,,
2554,2,0.0,1.0
2555,2,0.0,1.0
2556,0,2.0,1.0
2557,0,,
2558,2,0.0,1.0
2559,0,2.0,1.0
2560,0,2.0,1.0
2561,0,2.0,1.0
2562,2,0.0,1.0
2563,0,,
2564,2,0.0,1.0
2565,0,2.0,1.0
2566,0,1.0,2.0
2567,0,2.0,1.0
2568,0,,
2569,0,,
2570,0,2.0,1.0
2571,0,1.0,2.0
2572,2,0.0,1.0
2573,0,2.0,
2574,2,0.0,
2575,1,2.0,0.0
2576,0,,
2577,0,,
2578,2,1.0,0.0
2579,0,2.0,1.0
2580,0,1.0,2.0
2581,2,0.0,1.0
2582,0,2.0,
2583,0,2.0,1.0
2584,2,,
2585,2,0.0,1.0
2586,2,0.0,1.0
2587,2,,
2589,0,,
2590,2,0.0,
2591,0,2.0,1.0
2592,2,0.0,1.0
2593,2,1.0,0.0
2594,1,0.0,2.0
2595,2,0.0,1.0
2596,2,0.0,
2597,0,2.0,1.0
2598,2,0.0,1.0
2599,1,0.0,2.0
2600,2,0.0,1.0
2601,0,1.0,2.0
2602,0,2.0,1.0
2603,0,2.0,1.0
2604,2,0.0,1.0
2605,0,2.0,1.0
2606,1,0.0,2.0
2607,2,0.0,1.0
2608,2,,
2609,2,,
2610,0,2.0,1.0
2611,0,2.0,1.0
2612,0,2.0,1.0
2613,0,1.0,2.0
2614,1,2.0,0.0
2615,0,,
2616,2,0.0,
2617,0,,
2618,0,2.0,1.0
2619,0,,
2620,0,2.0,1.0
2621,2,0.0,
2622,2,1.0,0.0
2623,2,1.0,
2624,2,0.0,1.0
2625,2,0.0,1.0
2626,2,,
2627,2,,
2628,0,2.0,1.0
2629,2,,
2630,2,0.0,1.0
2631,0,2.0,1.0
2632,2,1.0,0.0
2633,2,,
2634,1,2.0,0.0
2635,2,1.0,0.0
2636,0,2.0,1.0
2637,0,1.0,2.0
2638,0,1.0,
2639,2,0.0,1.0
2640,1,0.0,2.0
2641,0,2.0,1.0
2642,2,0.0,
2643,2,0.0,1.0
2644,0,2.0,1.0
2645,0,2.0,1.0
2646,2,0.0,1.0
2647,0,2.0,1.0
2648,1,,
2649,2,1.0,0.0
2650,0,,
2651,0,2.0,1.0
2652,0,1.0,2.0
2653,1,0.0,
2654,1,0.0,
2655,0,1.0,
2656,2,0.0,
2657,1,0.0,
2658,2,,
2659,1,0.0,
2660,0,,
2661,0,1.0,
2662,2,0.0,
2663,0,2.0,1.0
2664,0,2.0,1.0
2665,2,1.0,0.0
2666,1,0.0,2.0
2667,0,1.0,
2668,0,2.0,1.0
2669,2,,
2670,2,0.0,1.0
2671,1,0.0,2.0
2672,0,,
2673,0,2.0,1.0
2674,0,,
2675,0,2.0,1.0
2676,0,,
2677,0,2.0,1.0
2678,0,1.0,2.0
2679,2,1.0,0.0
2680,0,2.0,1.0
2681,0,2.0,1.0
2682,2,0.0,1.0
2683,0,,
2684,0,2.0,1.0
2685,0,2.0,1.0
2686,2,0.0,1.0
2687,0,2.0,1.0
2688,1,0.0,2.0
2689,0,2.0,1.0
2690,2,1.0,0.0
2691,2,,
2692,2,1.0,0.0
2693,2,1.0,0.0
2694,0,1.0,2.0
2695,2,0.0,1.0
2696,0,,
2697,2,0.0,1.0
2698,0,1.0,2.0
2699,1,0.0,
2700,2,0.0,1.0
2701,1,0.0,
2702,2,0.0,1.0
2703,0,2.0,1.0
2704,0,1.0,2.0
2705,2,,
2706,1,0.0,
2707,1,2.0,
2708,0,2.0,1.0
2709,2,,
2710,2,0.0,1.0
2711,0,1.0,2.0
2712,2,1.0,
2713,2,0.0,1.0
2714,0,2.0,1.0
2715,2,0.0,1.0
2716,0,1.0,2.0
2717,0,2.0,1.0
2718,2,1.0,0.0
2719,0,2.0,1.0
2720,0,2.0,
2721,2,0.0,1.0
2722,1,0.0,2.0
2723,0,,
2724,0,2.0,1.0
2725,0,2.0,1.0
2730,0,2.0,1.0
2731,0,1.0,2.0
2732,0,2.0,
2733,0,,
2734,2,0.0,1.0
2735,1,,
2737,0,2.0,1.0
2738,0,2.0,1.0
2741,0,,
2745,2,0.0,1.0
2746,0,2.0,
2747,0,2.0,1.0
2751,0,2.0,
2753,2,0.0,
2754,2,1.0,0.0
2756,2,0.0,
2757,0,,
2759,0,,
2760,2,0.0,1.0
2761,0,2.0,1.0
2763,2,1.0,
2764,0,1.0,
2770,1,0.0,
2772,0,2.0,1.0
2773,2,0.0,1.0
2774,0,2.0,1.0
2775,0,2.0,
2776,0,2.0,1.0
2777,0,1.0,2.0
2779,2,0.0,1.0
2780,0,2.0,
2781,0,,
2782,0,2.0,1.0
2783,0,2.0,1.0
2784,1,2.0,0.0
2786,2,0.0,1.0
2787,2,0.0,
2788,1,0.0,
2789,2,,
2790,0,,
2791,2,,
2792,0,,
2794,0,2.0,
2795,2,0.0,1.0
2796,2,1.0,
2797,0,2.0,1.0
2798,2,,
2799,0,2.0,
2801,1,2.0,
2802,1,2.0,0.0
2803,2,1.0,0.0
2804,0,2.0,1.0
2805,0,,
2806,1,2.0,
2807,1,2.0,0.0
2808,2,1.0,0.0
2814,0,2.0,1.0
2816,1,2.0,0.0
2817,2,0.0,1.0
2829,2,1.0,
2830,0,,
2833,0,2.0,1.0
2836,0,2.0,
2848,2,,
2856,0,2.0,1.0
2858,2,0.0,
2859,2,1.0,
2865,0,2.0,1.0
2866,1,0.0,
2867,0,2.0,1.0
2868,0,2.0,1.0
2869,2,,
2870,0,2.0,
2873,0,2.0,1.0
2878,1,0.0,2.0
2884,2,0.0,1.0
2886,0,2.0,1.0
2887,0,,
2890,0,2.0,1.0
2894,0,2.0,
2896,0,1.0,
2908,2,0.0,1.0
2909,0,1.0,2.0
2910,0,1.0,
2912,2,0.0,
2920,0,,
2921,0,2.0,1.0
2942,0,1.0,2.0
2943,2,1.0,
2947,2,0.0,
2948,2,1.0,
2949,2,0.0,1.0
2953,1,0.0,
2958,0,2.0,1.0
2964,0,1.0,
2965,2,0.0,1.0
2971,0,2.0,1.0
2972,0,2.0,
2973,0,2.0,1.0
2978,0,1.0,
2979,2,0.0,1.0
2980,0,2.0,1.0
2983,0,2.0,1.0
2984,2,1.0,0.0
2985,0,2.0,
2986,0,,
2989,1,,
2991,0,,
2992,0,2.0,1.0
2998,2,0.0,
2999,0,1.0,2.0
3000,0,,
3001,0,2.0,1.0
3002,2,0.0,1.0
3003,0,2.0,
3004,0,1.0,
3006,2,1.0,0.0
3008,0,1.0,2.0
3010,0,,
3011,0,2.0,1.0
3012,0,,
3013,2,,
3014,2,0.0,
3015,1,0.0,2.0
3016,2,,
3017,2,0.0,1.0
3019,2,0.0,1.0
3020,0,2.0,
3021,0,,
3023,0,1.0,2.0
3025,0,2.0,1.0
3026,2,0.0,1.0
3027,2,0.0,1.0
3028,0,2.0,1.0
3031,0,2.0,1.0
3032,2,1.0,0.0
3033,2,0.0,1.0
3034,0,1.0,2.0
3035,0,2.0,
3036,1,2.0,0.0
3037,2,0.0,1.0
3038,0,2.0,
3039,2,0.0,1.0
3040,0,2.0,1.0
3041,0,2.0,1.0
3043,0,2.0,1.0
3044,2,0.0,1.0
3045,0,2.0,1.0
3047,0,,
3048,0,1.0,2.0
3049,0,2.0,1.0
3050,0,,
3051,0,2.0,1.0
3052,2,,
3053,0,2.0,1.0
3054,0,2.0,1.0
3056,0,2.0,1.0
3057,2,0.0,1.0
3058,0,2.0,1.0
3059,0,2.0,1.0
3060,2,0.0,1.0
3061,2,0.0,1.0
3062,0,1.0,2.0
3063,2,0.0,1.0
3065,0,,
3066,2,1.0,0.0
3067,2,0.0,1.0
3068,0,1.0,2.0
3071,2,1.0,0.0
3072,2,0.0,1.0
3073,2,1.0,0.0
3074,2,0.0,1.0
3076,0,2.0,
3077,1,0.0,2.0
3078,0,1.0,
3079,2,0.0,1.0
3080,2,0.0,1.0
3081,2,0.0,1.0
3082,2,0.0,1.0
3084,2,,
3085,0,2.0,1.0
3086,2,0.0,
3087,2,1.0,0.0
3088,0,2.0,
3090,0,2.0,
3091,0,1.0,2.0
3093,2,0.0,1.0
3094,2,0.0,1.0
3095,0,2.0,1.0
3096,2,1.0,
3097,0,2.0,1.0
3098,0,2.0,1.0
3099,0,2.0,1.0
3100,1,,
3101,0,,
3102,0,1.0,2.0
3103,2,0.0,
3104,2,0.0,1.0
3105,0,,
3106,0,2.0,1.0
3107,0,1.0,2.0
3108,0,2.0,
3109,2,0.0,1.0
3110,0,2.0,1.0
3111,0,2.0,
3112,0,2.0,
3113,0,1.0,
3114,2,0.0,1.0
3115,2,0.0,1.0
3116,1,2.0,0.0
3117,2,0.0,1.0
3118,2,0.0,1.0
3119,2,0.0,1.0
3120,0,2.0,1.0
3121,0,1.0,2.0
3122,2,0.0,1.0
3123,2,0.0,1.0
3124,0,2.0,
3125,2,1.0,0.0
3128,1,,
3130,0,2.0,1.0
3131,0,2.0,1.0
3132,2,0.0,1.0
3133,2,0.0,1.0
3134,2,1.0,
3135,0,2.0,
3136,0,2.0,
3137,0,1.0,2.0
3138,0,2.0,1.0
3140,0,1.0,2.0
3141,0,1.0,2.0
3142,0,2.0,1.0
3143,0,2.0,1.0
3144,1,0.0,
3145,0,2.0,1.0
3146,0,2.0,1.0
3147,0,2.0,1.0
3148,0,2.0,1.0
3149,0,2.0,1.0
3150,0,2.0,1.0
3151,0,,
3153,2,1.0,
3154,2,1.0,
3155,2,1.0,
3157,2,0.0,1.0
3158,1,2.0,
3159,0,1.0,
3160,2,1.0,0.0
3161,2,0.0,1.0
3162,0,2.0,
3163,2,1.0,
3164,0,2.0,1.0
3167,0,1.0,2.0
3169,2,,
3170,0,2.0,
3171,1,2.0,0.0
3172,2,0.0,1.0
3173,0,1.0,
3174,0,2.0,
3175,2,0.0,
3176,0,1.0,2.0
3177,0,1.0,
3178,2,0.0,1.0
3179,2,0.0,1.0
3180,0,2.0,1.0
3181,1,,
3182,0,,
3183,0,2.0,
3184,0,2.0,1.0
3185,0,1.0,2.0
3186,0,2.0,1.0
3187,1,2.0,
3188,0,1.0,2.0
3189,2,0.0,
3190,2,0.0,1.0
3191,0,,
3192,0,2.0,1.0
3193,2,0.0,1.0
3194,0,2.0,1.0
3195,0,2.0,1.0
3196,0,1.0,2.0
3197,0,2.0,1.0
3198,1,2.0,
3199,0,2.0,1.0
3200,0,2.0,
3203,0,2.0,1.0
3205,2,1.0,0.0
3208,0,2.0,1.0
3209,2,1.0,
3210,2,1.0,0.0
